"yrmo","year","month","n_samples","n_samples_land","n_pos","n_pos_1e4","n_pos_1e5","max_cells","fit_status","converged","use","viirs_status","viirs_n_pos_cells","viirs_max_freq","modis_present","modis_n_polys","hull_n_pos","hull_n_polys","hull_footprint_km2","unclip_max","area_1e4_unclip_km2","area_1e5_unclip_km2","final_max","area_1e4_final_km2","area_1e5_final_km2","area_1e4_viirs_km2","area_1e4_modis_km2","area_1e4_hull_km2","n_pos_1e4_water","n_pos_1e4_in_fp","n_pos_1e5_water","n_pos_1e5_in_fp","retained_1e4","retained_1e5","frac_pos_1e4_in_fp","frac_pos_1e5_in_fp","flag_zeroed_fit","hull_ratio_1e4","flag_low_vs_hull","flag_samples_outside","any_flag","zeroed_material","pdf_page"
"198501",1985,1,0,0,0,0,0,0,"none",NA,"pred","no_coverage",NA,NA,FALSE,NA,NA,NA,NA,NA,NA,NA,0,0,0,NA,NA,0,0,0,0,0,NA,NA,NA,NA,FALSE,NA,FALSE,FALSE,FALSE,FALSE,NA
"198502",1985,2,0,0,0,0,0,0,"none",NA,"pred","no_coverage",NA,NA,FALSE,NA,NA,NA,NA,NA,NA,NA,0,0,0,NA,NA,0,0,0,0,0,NA,NA,NA,NA,FALSE,NA,FALSE,FALSE,FALSE,FALSE,NA
"198503",1985,3,0,0,0,0,0,0,"none",NA,"pred","no_coverage",NA,NA,FALSE,NA,NA,NA,NA,NA,NA,NA,0,0,0,NA,NA,0,0,0,0,0,NA,NA,NA,NA,FALSE,NA,FALSE,FALSE,FALSE,FALSE,NA
"198504",1985,4,0,0,0,0,0,0,"none",NA,"pred","no_coverage",NA,NA,FALSE,NA,NA,NA,NA,NA,NA,NA,0,0,0,NA,NA,0,0,0,0,0,NA,NA,NA,NA,FALSE,NA,FALSE,FALSE,FALSE,FALSE,NA
"198505",1985,5,0,0,0,0,0,0,"none",NA,"pred","no_coverage",NA,NA,FALSE,NA,NA,NA,NA,NA,NA,NA,0,0,0,NA,NA,0,0,0,0,0,NA,NA,NA,NA,FALSE,NA,FALSE,FALSE,FALSE,FALSE,NA
"198506",1985,6,0,0,0,0,0,0,"none",NA,"pred","no_coverage",NA,NA,FALSE,NA,NA,NA,NA,NA,NA,NA,0,0,0,NA,NA,0,0,0,0,0,NA,NA,NA,NA,FALSE,NA,FALSE,FALSE,FALSE,FALSE,NA
"198507",1985,7,0,0,0,0,0,0,"none",NA,"pred","no_coverage",NA,NA,FALSE,NA,NA,NA,NA,NA,NA,NA,0,0,0,NA,NA,0,0,0,0,0,NA,NA,NA,NA,FALSE,NA,FALSE,FALSE,FALSE,FALSE,NA
"198508",1985,8,0,0,0,0,0,0,"none",NA,"pred","no_coverage",NA,NA,FALSE,NA,NA,NA,NA,NA,NA,NA,0,0,0,NA,NA,0,0,0,0,0,NA,NA,NA,NA,FALSE,NA,FALSE,FALSE,FALSE,FALSE,NA
"198509",1985,9,42,6,9,5,4,930000,"fitted","TRUE","pred","no_coverage",NA,NA,FALSE,NA,9,2,4199,363485.375,289092.956,1428.48,363485.375,2337.71,977.894,NA,NA,2337.71,5,5,4,4,0.008,0.685,1,1,FALSE,1,FALSE,FALSE,FALSE,FALSE,1
"198510",1985,10,43,4,22,11,9,1200000,"fitted","TRUE","pred","no_coverage",NA,NA,FALSE,NA,22,1,7177.9,820865.125,290221.072,1066.66,820865.125,5104.246,1066.66,NA,NA,5104.246,11,11,9,9,0.018,1,1,1,FALSE,1,FALSE,FALSE,FALSE,FALSE,2
"198511",1985,11,53,5,12,5,4,195000,"fitted","TRUE","pred","no_coverage",NA,NA,FALSE,NA,12,1,5318.8,159148.5,291360.68,291360.68,159148.5,4104.043,4104.043,NA,NA,4104.043,5,5,4,4,0.014,0.014,1,1,FALSE,1,FALSE,FALSE,FALSE,FALSE,3
"198512",1985,12,0,0,0,0,0,0,"none",NA,"pred","no_coverage",NA,NA,FALSE,NA,NA,NA,NA,NA,NA,NA,0,0,0,NA,NA,0,0,0,0,0,NA,NA,NA,NA,FALSE,NA,FALSE,FALSE,FALSE,FALSE,NA
"198601",1986,1,0,0,0,0,0,0,"none",NA,"pred","no_coverage",NA,NA,FALSE,NA,NA,NA,NA,NA,NA,NA,0,0,0,NA,NA,0,0,0,0,0,NA,NA,NA,NA,FALSE,NA,FALSE,FALSE,FALSE,FALSE,NA
"198602",1986,2,0,0,0,0,0,0,"none",NA,"pred","no_coverage",NA,NA,FALSE,NA,NA,NA,NA,NA,NA,NA,0,0,0,NA,NA,0,0,0,0,0,NA,NA,NA,NA,FALSE,NA,FALSE,FALSE,FALSE,FALSE,NA
"198603",1986,3,0,0,0,0,0,0,"none",NA,"pred","no_coverage",NA,NA,FALSE,NA,NA,NA,NA,NA,NA,NA,0,0,0,NA,NA,0,0,0,0,0,NA,NA,NA,NA,FALSE,NA,FALSE,FALSE,FALSE,FALSE,NA
"198604",1986,4,0,0,0,0,0,0,"none",NA,"pred","no_coverage",NA,NA,FALSE,NA,NA,NA,NA,NA,NA,NA,0,0,0,NA,NA,0,0,0,0,0,NA,NA,NA,NA,FALSE,NA,FALSE,FALSE,FALSE,FALSE,NA
"198605",1986,5,0,0,0,0,0,0,"none",NA,"pred","no_coverage",NA,NA,FALSE,NA,NA,NA,NA,NA,NA,NA,0,0,0,NA,NA,0,0,0,0,0,NA,NA,NA,NA,FALSE,NA,FALSE,FALSE,FALSE,FALSE,NA
"198606",1986,6,0,0,0,0,0,0,"none",NA,"pred","no_coverage",NA,NA,FALSE,NA,NA,NA,NA,NA,NA,NA,0,0,0,NA,NA,0,0,0,0,0,NA,NA,NA,NA,FALSE,NA,FALSE,FALSE,FALSE,FALSE,NA
"198607",1986,7,0,0,0,0,0,0,"none",NA,"pred","no_coverage",NA,NA,FALSE,NA,NA,NA,NA,NA,NA,NA,0,0,0,NA,NA,0,0,0,0,0,NA,NA,NA,NA,FALSE,NA,FALSE,FALSE,FALSE,FALSE,NA
"198608",1986,8,0,0,0,0,0,0,"none",NA,"pred","no_coverage",NA,NA,FALSE,NA,NA,NA,NA,NA,NA,NA,0,0,0,NA,NA,0,0,0,0,0,NA,NA,NA,NA,FALSE,NA,FALSE,FALSE,FALSE,FALSE,NA
"198609",1986,9,105,1,53,37,27,9e+05,"fitted","TRUE","pred","no_coverage",NA,NA,FALSE,NA,53,1,7785.6,1506649.75,291360.68,290599.219,1506649.75,6842.23,6156.501,NA,NA,6842.23,37,37,27,27,0.023,0.021,1,1,FALSE,1,FALSE,FALSE,FALSE,FALSE,4
"198610",1986,10,88,4,56,44,41,7530000,"fitted","TRUE","pred","no_coverage",NA,NA,FALSE,NA,56,1,8449.3,2129701,288327.042,2199.177,2129701,4701.936,1438.929,NA,NA,4701.936,43,43,40,40,0.016,0.654,1,1,FALSE,1,FALSE,FALSE,FALSE,FALSE,5
"198611",1986,11,26,2,9,4,2,9e+05,"fitted","TRUE","pred","no_coverage",NA,NA,FALSE,NA,9,1,3431,396991.469,289524.957,228.843,396991.469,686.414,152.543,NA,NA,686.414,3,3,1,1,0.002,0.667,1,1,FALSE,1,FALSE,FALSE,FALSE,FALSE,6
"198612",1986,12,57,4,22,6,2,210000,"fitted","TRUE","pred","no_coverage",NA,NA,FALSE,NA,22,1,3561.2,51010.023,290753.855,0,51010.023,2123.97,0,NA,NA,2123.97,6,6,2,2,0.007,NA,1,1,FALSE,1,FALSE,FALSE,FALSE,FALSE,7
"198701",1987,1,109,11,24,6,2,530000,"fitted","TRUE","pred","no_coverage",NA,NA,FALSE,NA,24,1,5727.1,57729.523,2358.73,0,57729.523,1597.314,0,NA,NA,1597.314,6,6,2,2,0.677,NA,1,1,FALSE,1,FALSE,FALSE,FALSE,FALSE,8
"198702",1987,2,121,10,23,8,4,1850000,"fitted","TRUE","pred","no_coverage",NA,NA,FALSE,NA,23,1,7197.9,314480.656,291360.68,291360.68,314480.656,6395.587,6395.587,NA,NA,6395.587,8,8,4,4,0.022,0.022,1,1,FALSE,1,FALSE,FALSE,FALSE,FALSE,9
"198703",1987,3,68,9,3,1,0,10300,"none",NA,"pred","no_coverage",NA,NA,FALSE,NA,3,3,942,NA,NA,NA,0,0,0,NA,NA,0,1,0,0,0,NA,NA,0,NA,FALSE,NA,FALSE,FALSE,FALSE,FALSE,NA
"198704",1987,4,53,8,0,0,0,0,"none",NA,"pred","no_coverage",NA,NA,FALSE,NA,0,0,0,NA,NA,NA,0,0,0,NA,NA,0,0,0,0,0,NA,NA,NA,NA,FALSE,NA,FALSE,FALSE,FALSE,FALSE,NA
"198705",1987,5,147,15,61,32,13,5e+07,"fitted","TRUE","pred","no_coverage",NA,NA,FALSE,NA,61,1,11235.7,1806127.5,291360.68,4404.239,1806127.5,9879.354,3264.976,NA,NA,9879.354,30,30,12,12,0.034,0.741,1,1,FALSE,1,FALSE,FALSE,FALSE,FALSE,10
"198706",1987,6,138,20,30,13,4,150000,"fitted","TRUE","pred","no_coverage",NA,NA,FALSE,NA,30,1,6418.1,39228.523,291360.68,0,39228.523,5395.587,0,NA,NA,5395.587,12,12,4,4,0.019,NA,1,1,FALSE,1,FALSE,FALSE,FALSE,FALSE,11
"198707",1987,7,85,8,0,0,0,0,"none",NA,"pred","no_coverage",NA,NA,FALSE,NA,0,0,0,NA,NA,NA,0,0,0,NA,NA,0,0,0,0,0,NA,NA,NA,NA,FALSE,NA,FALSE,FALSE,FALSE,FALSE,NA
"198708",1987,8,96,10,14,2,0,67000,"fitted","TRUE","pred","no_coverage",NA,NA,FALSE,NA,14,2,3444.3,3388.262,0,0,3388.262,0,0,NA,NA,0,2,2,0,0,NA,NA,1,NA,FALSE,NA,FALSE,FALSE,FALSE,FALSE,12
"198709",1987,9,133,17,24,6,1,277000,"fitted","TRUE","pred","no_coverage",NA,NA,FALSE,NA,24,1,3976.9,19418.145,291360.68,0,19418.145,2891.508,0,NA,NA,2891.508,6,6,1,1,0.01,NA,1,1,FALSE,1,FALSE,FALSE,FALSE,FALSE,13
"198710",1987,10,80,9,2,0,0,1500,"none",NA,"pred","no_coverage",NA,NA,FALSE,NA,2,2,628,NA,NA,NA,0,0,0,NA,NA,0,0,0,0,0,NA,NA,NA,NA,FALSE,NA,FALSE,FALSE,FALSE,FALSE,NA
"198711",1987,11,33,6,0,0,0,0,"none",NA,"pred","no_coverage",NA,NA,FALSE,NA,0,0,0,NA,NA,NA,0,0,0,NA,NA,0,0,0,0,0,NA,NA,NA,NA,FALSE,NA,FALSE,FALSE,FALSE,FALSE,NA
"198712",1987,12,53,8,0,0,0,0,"none",NA,"pred","no_coverage",NA,NA,FALSE,NA,0,0,0,NA,NA,NA,0,0,0,NA,NA,0,0,0,0,0,NA,NA,NA,NA,FALSE,NA,FALSE,FALSE,FALSE,FALSE,NA
"198801",1988,1,53,8,0,0,0,0,"none",NA,"pred","no_coverage",NA,NA,FALSE,NA,0,0,0,NA,NA,NA,0,0,0,NA,NA,0,0,0,0,0,NA,NA,NA,NA,FALSE,NA,FALSE,FALSE,FALSE,FALSE,NA
"198802",1988,2,53,8,1,1,0,10000,"none",NA,"pred","no_coverage",NA,NA,FALSE,NA,1,1,314,NA,NA,NA,0,0,0,NA,NA,0,1,0,0,0,NA,NA,0,NA,FALSE,NA,FALSE,FALSE,FALSE,FALSE,NA
"198803",1988,3,49,8,0,0,0,0,"none",NA,"pred","no_coverage",NA,NA,FALSE,NA,0,0,0,NA,NA,NA,0,0,0,NA,NA,0,0,0,0,0,NA,NA,NA,NA,FALSE,NA,FALSE,FALSE,FALSE,FALSE,NA
"198804",1988,4,53,8,0,0,0,0,"none",NA,"pred","no_coverage",NA,NA,FALSE,NA,0,0,0,NA,NA,NA,0,0,0,NA,NA,0,0,0,0,0,NA,NA,NA,NA,FALSE,NA,FALSE,FALSE,FALSE,FALSE,NA
"198805",1988,5,53,8,0,0,0,0,"none",NA,"pred","no_coverage",NA,NA,FALSE,NA,0,0,0,NA,NA,NA,0,0,0,NA,NA,0,0,0,0,0,NA,NA,NA,NA,FALSE,NA,FALSE,FALSE,FALSE,FALSE,NA
"198806",1988,6,53,8,0,0,0,0,"none",NA,"pred","no_coverage",NA,NA,FALSE,NA,0,0,0,NA,NA,NA,0,0,0,NA,NA,0,0,0,0,0,NA,NA,NA,NA,FALSE,NA,FALSE,FALSE,FALSE,FALSE,NA
"198807",1988,7,60,8,0,0,0,0,"none",NA,"pred","no_coverage",NA,NA,FALSE,NA,0,0,0,NA,NA,NA,0,0,0,NA,NA,0,0,0,0,0,NA,NA,NA,NA,FALSE,NA,FALSE,FALSE,FALSE,FALSE,NA
"198808",1988,8,53,8,0,0,0,0,"none",NA,"pred","no_coverage",NA,NA,FALSE,NA,0,0,0,NA,NA,NA,0,0,0,NA,NA,0,0,0,0,0,NA,NA,NA,NA,FALSE,NA,FALSE,FALSE,FALSE,FALSE,NA
"198809",1988,9,53,8,0,0,0,0,"none",NA,"pred","no_coverage",NA,NA,FALSE,NA,0,0,0,NA,NA,NA,0,0,0,NA,NA,0,0,0,0,0,NA,NA,NA,NA,FALSE,NA,FALSE,FALSE,FALSE,FALSE,NA
"198810",1988,10,118,13,40,16,9,970000,"fitted","TRUE","pred","no_coverage",NA,NA,FALSE,NA,40,1,9206.7,184304.141,291360.68,291360.68,184304.141,7776.952,7776.952,NA,NA,7776.952,16,16,9,9,0.027,0.027,1,1,FALSE,1,FALSE,FALSE,FALSE,FALSE,14
"198811",1988,11,115,9,22,12,6,4100000,"fitted","TRUE","pred","no_coverage",NA,NA,FALSE,NA,22,2,8564.4,1204795.75,291360.68,291360.68,1204795.75,8309.669,8309.669,NA,NA,8309.669,12,12,6,6,0.029,0.029,1,1,FALSE,1,FALSE,FALSE,FALSE,FALSE,15
"198812",1988,12,63,10,3,0,0,1300,"none",NA,"pred","no_coverage",NA,NA,FALSE,NA,3,1,569.2,NA,NA,NA,0,0,0,NA,NA,0,0,0,0,0,NA,NA,NA,NA,FALSE,NA,FALSE,FALSE,FALSE,FALSE,NA
"198901",1989,1,53,8,0,0,0,0,"none",NA,"pred","no_coverage",NA,NA,FALSE,NA,0,0,0,NA,NA,NA,0,0,0,NA,NA,0,0,0,0,0,NA,NA,NA,NA,FALSE,NA,FALSE,FALSE,FALSE,FALSE,NA
"198902",1989,2,53,8,0,0,0,0,"none",NA,"pred","no_coverage",NA,NA,FALSE,NA,0,0,0,NA,NA,NA,0,0,0,NA,NA,0,0,0,0,0,NA,NA,NA,NA,FALSE,NA,FALSE,FALSE,FALSE,FALSE,NA
"198903",1989,3,82,9,16,11,3,503000,"fitted","TRUE","pred","no_coverage",NA,NA,FALSE,NA,16,1,3381.2,378921.344,291056.95,302.698,378921.344,2196.159,302.698,NA,NA,2196.159,10,10,2,2,0.008,1,1,1,FALSE,1,FALSE,FALSE,FALSE,FALSE,16
"198904",1989,4,106,20,30,14,7,850000,"fitted","TRUE","pred","no_coverage",NA,NA,FALSE,NA,30,1,3042.8,165751.812,291360.68,291360.68,165751.812,2271.309,2271.309,NA,NA,2271.309,9,9,5,5,0.008,0.008,1,1,FALSE,1,FALSE,FALSE,FALSE,FALSE,17
"198905",1989,5,71,11,6,0,0,6700,"fitted","TRUE","pred","no_coverage",NA,NA,FALSE,NA,6,4,1544.7,1026.742,0,0,1026.742,0,0,NA,NA,0,0,0,0,0,NA,NA,NA,NA,FALSE,NA,FALSE,FALSE,FALSE,FALSE,18
"198906",1989,6,53,8,0,0,0,0,"none",NA,"pred","no_coverage",NA,NA,FALSE,NA,0,0,0,NA,NA,NA,0,0,0,NA,NA,0,0,0,0,0,NA,NA,NA,NA,FALSE,NA,FALSE,FALSE,FALSE,FALSE,NA
"198907",1989,7,52,8,0,0,0,0,"none",NA,"pred","no_coverage",NA,NA,FALSE,NA,0,0,0,NA,NA,NA,0,0,0,NA,NA,0,0,0,0,0,NA,NA,NA,NA,FALSE,NA,FALSE,FALSE,FALSE,FALSE,NA
"198908",1989,8,53,8,0,0,0,0,"none",NA,"pred","no_coverage",NA,NA,FALSE,NA,0,0,0,NA,NA,NA,0,0,0,NA,NA,0,0,0,0,0,NA,NA,NA,NA,FALSE,NA,FALSE,FALSE,FALSE,FALSE,NA
"198909",1989,9,53,8,0,0,0,0,"none",NA,"pred","no_coverage",NA,NA,FALSE,NA,0,0,0,NA,NA,NA,0,0,0,NA,NA,0,0,0,0,0,NA,NA,NA,NA,FALSE,NA,FALSE,FALSE,FALSE,FALSE,NA
"198910",1989,10,53,8,0,0,0,0,"none",NA,"pred","no_coverage",NA,NA,FALSE,NA,0,0,0,NA,NA,NA,0,0,0,NA,NA,0,0,0,0,0,NA,NA,NA,NA,FALSE,NA,FALSE,FALSE,FALSE,FALSE,NA
"198911",1989,11,53,8,0,0,0,0,"none",NA,"pred","no_coverage",NA,NA,FALSE,NA,0,0,0,NA,NA,NA,0,0,0,NA,NA,0,0,0,0,0,NA,NA,NA,NA,FALSE,NA,FALSE,FALSE,FALSE,FALSE,NA
"198912",1989,12,52,8,0,0,0,0,"none",NA,"pred","no_coverage",NA,NA,FALSE,NA,0,0,0,NA,NA,NA,0,0,0,NA,NA,0,0,0,0,0,NA,NA,NA,NA,FALSE,NA,FALSE,FALSE,FALSE,FALSE,NA
"199001",1990,1,52,8,0,0,0,0,"none",NA,"pred","no_coverage",NA,NA,FALSE,NA,0,0,0,NA,NA,NA,0,0,0,NA,NA,0,0,0,0,0,NA,NA,NA,NA,FALSE,NA,FALSE,FALSE,FALSE,FALSE,NA
"199002",1990,2,75,12,11,5,4,233000,"fitted","TRUE","pred","no_coverage",NA,NA,FALSE,NA,11,3,2377.9,299246.656,291360.68,3266.236,299246.656,1892.757,530.174,NA,NA,1892.757,3,3,3,3,0.006,0.162,1,1,FALSE,1,FALSE,FALSE,FALSE,FALSE,19
"199003",1990,3,77,17,7,0,0,8670,"failed","no model","pred","no_coverage",NA,NA,FALSE,NA,7,1,320.1,0,0,0,0,0,0,NA,NA,0,0,0,0,0,NA,NA,NA,NA,FALSE,NA,FALSE,FALSE,FALSE,FALSE,NA
"199004",1990,4,53,8,1,1,0,10000,"none",NA,"pred","no_coverage",NA,NA,FALSE,NA,1,1,314,NA,NA,NA,0,0,0,NA,NA,0,1,0,0,0,NA,NA,0,NA,FALSE,NA,FALSE,FALSE,FALSE,FALSE,NA
"199005",1990,5,53,8,0,0,0,0,"none",NA,"pred","no_coverage",NA,NA,FALSE,NA,0,0,0,NA,NA,NA,0,0,0,NA,NA,0,0,0,0,0,NA,NA,NA,NA,FALSE,NA,FALSE,FALSE,FALSE,FALSE,NA
"199006",1990,6,53,8,0,0,0,0,"none",NA,"pred","no_coverage",NA,NA,FALSE,NA,0,0,0,NA,NA,NA,0,0,0,NA,NA,0,0,0,0,0,NA,NA,NA,NA,FALSE,NA,FALSE,FALSE,FALSE,FALSE,NA
"199007",1990,7,66,8,13,5,0,30000,"fitted","TRUE","pred","no_coverage",NA,NA,FALSE,NA,13,5,6441.3,16567.574,3178.653,0,16567.574,302.583,0,NA,NA,302.583,5,5,0,0,0.095,NA,1,NA,FALSE,1,FALSE,FALSE,FALSE,FALSE,20
"199008",1990,8,69,8,10,0,0,9000,"fitted","TRUE","pred","no_coverage",NA,NA,FALSE,NA,10,8,2970.4,2839.993,0,0,2839.993,0,0,NA,NA,0,0,0,0,0,NA,NA,NA,NA,FALSE,NA,FALSE,FALSE,FALSE,FALSE,21
"199009",1990,9,83,8,35,19,1,106000,"fitted","TRUE","pred","no_coverage",NA,NA,FALSE,NA,35,1,64006.8,20794.25,291360.68,0,20794.25,62472.112,0,NA,NA,62472.112,19,19,1,1,0.214,NA,1,1,FALSE,1,FALSE,FALSE,FALSE,FALSE,22
"199010",1990,10,69,12,1,0,0,6300,"none",NA,"pred","no_coverage",NA,NA,FALSE,NA,1,1,314,NA,NA,NA,0,0,0,NA,NA,0,0,0,0,0,NA,NA,NA,NA,FALSE,NA,FALSE,FALSE,FALSE,FALSE,NA
"199011",1990,11,35,6,2,0,0,3000,"none",NA,"pred","no_coverage",NA,NA,FALSE,NA,2,2,628,NA,NA,NA,0,0,0,NA,NA,0,0,0,0,0,NA,NA,NA,NA,FALSE,NA,FALSE,FALSE,FALSE,FALSE,NA
"199012",1990,12,53,8,0,0,0,0,"none",NA,"pred","no_coverage",NA,NA,FALSE,NA,0,0,0,NA,NA,NA,0,0,0,NA,NA,0,0,0,0,0,NA,NA,NA,NA,FALSE,NA,FALSE,FALSE,FALSE,FALSE,NA
"199101",1991,1,123,28,37,13,0,87000,"fitted","TRUE","pred","no_coverage",NA,NA,FALSE,NA,37,3,3211.2,15897.794,291360.68,0,15897.794,2278.676,0,NA,NA,2278.676,9,9,0,0,0.008,NA,1,NA,FALSE,1,FALSE,FALSE,FALSE,FALSE,23
"199102",1991,2,60,8,6,0,0,2000,"fitted","TRUE","pred","no_coverage",NA,NA,FALSE,NA,6,6,1884.1,9201.988,0,0,9201.988,0,0,NA,NA,0,0,0,0,0,NA,NA,NA,NA,FALSE,NA,FALSE,FALSE,FALSE,FALSE,24
"199103",1991,3,57,8,4,0,0,3,"none",NA,"pred","no_coverage",NA,NA,FALSE,NA,4,4,1256.1,NA,NA,NA,0,0,0,NA,NA,0,0,0,0,0,NA,NA,NA,NA,FALSE,NA,FALSE,FALSE,FALSE,FALSE,NA
"199104",1991,4,51,7,0,0,0,0,"none",NA,"pred","no_coverage",NA,NA,FALSE,NA,0,0,0,NA,NA,NA,0,0,0,NA,NA,0,0,0,0,0,NA,NA,NA,NA,FALSE,NA,FALSE,FALSE,FALSE,FALSE,NA
"199105",1991,5,53,8,0,0,0,0,"none",NA,"pred","no_coverage",NA,NA,FALSE,NA,0,0,0,NA,NA,NA,0,0,0,NA,NA,0,0,0,0,0,NA,NA,NA,NA,FALSE,NA,FALSE,FALSE,FALSE,FALSE,NA
"199106",1991,6,53,8,0,0,0,0,"none",NA,"pred","no_coverage",NA,NA,FALSE,NA,0,0,0,NA,NA,NA,0,0,0,NA,NA,0,0,0,0,0,NA,NA,NA,NA,FALSE,NA,FALSE,FALSE,FALSE,FALSE,NA
"199107",1991,7,83,12,19,18,18,1800000,"fitted","TRUE","pred","no_coverage",NA,NA,FALSE,NA,19,1,2109.4,1690809.5,291360.68,291360.68,1690809.5,1369.896,1369.896,NA,NA,1369.896,14,14,14,14,0.005,0.005,1,1,FALSE,1,FALSE,FALSE,FALSE,FALSE,25
"199108",1991,8,292,46,186,145,116,27300000,"fitted","TRUE","pred","no_coverage",NA,NA,FALSE,NA,186,1,11203.5,1053226.125,291207.142,1819.934,1053226.125,9966.943,1518.691,NA,NA,9966.943,117,117,91,91,0.034,0.834,1,1,FALSE,1,FALSE,FALSE,FALSE,FALSE,26
"199109",1991,9,132,26,63,48,24,925000,"fitted","TRUE","pred","no_coverage",NA,NA,FALSE,NA,63,1,4242.9,190233.984,289765.352,456.164,190233.984,1901.781,456.164,NA,NA,1901.781,33,33,17,17,0.007,1,1,1,FALSE,1,FALSE,FALSE,FALSE,FALSE,27
"199110",1991,10,93,30,18,10,0,55000,"fitted","TRUE","pred","no_coverage",NA,NA,FALSE,NA,18,1,3399.3,22467.18,291360.68,0,22467.18,2279.581,0,NA,NA,2279.581,4,4,0,0,0.008,NA,1,NA,FALSE,1,FALSE,FALSE,FALSE,FALSE,28
"199111",1991,11,41,10,0,0,0,0,"none",NA,"pred","no_coverage",NA,NA,FALSE,NA,0,0,0,NA,NA,NA,0,0,0,NA,NA,0,0,0,0,0,NA,NA,NA,NA,FALSE,NA,FALSE,FALSE,FALSE,FALSE,NA
"199112",1991,12,55,9,0,0,0,0,"none",NA,"pred","no_coverage",NA,NA,FALSE,NA,0,0,0,NA,NA,NA,0,0,0,NA,NA,0,0,0,0,0,NA,NA,NA,NA,FALSE,NA,FALSE,FALSE,FALSE,FALSE,NA
"199201",1992,1,52,8,0,0,0,0,"none",NA,"pred","no_coverage",NA,NA,FALSE,NA,0,0,0,NA,NA,NA,0,0,0,NA,NA,0,0,0,0,0,NA,NA,NA,NA,FALSE,NA,FALSE,FALSE,FALSE,FALSE,NA
"199202",1992,2,52,8,0,0,0,0,"none",NA,"pred","no_coverage",NA,NA,FALSE,NA,0,0,0,NA,NA,NA,0,0,0,NA,NA,0,0,0,0,0,NA,NA,NA,NA,FALSE,NA,FALSE,FALSE,FALSE,FALSE,NA
"199203",1992,3,53,8,0,0,0,0,"none",NA,"pred","no_coverage",NA,NA,FALSE,NA,0,0,0,NA,NA,NA,0,0,0,NA,NA,0,0,0,0,0,NA,NA,NA,NA,FALSE,NA,FALSE,FALSE,FALSE,FALSE,NA
"199204",1992,4,53,8,0,0,0,0,"none",NA,"pred","no_coverage",NA,NA,FALSE,NA,0,0,0,NA,NA,NA,0,0,0,NA,NA,0,0,0,0,0,NA,NA,NA,NA,FALSE,NA,FALSE,FALSE,FALSE,FALSE,NA
"199205",1992,5,53,8,0,0,0,0,"none",NA,"pred","no_coverage",NA,NA,FALSE,NA,0,0,0,NA,NA,NA,0,0,0,NA,NA,0,0,0,0,0,NA,NA,NA,NA,FALSE,NA,FALSE,FALSE,FALSE,FALSE,NA
"199206",1992,6,53,8,0,0,0,0,"none",NA,"pred","no_coverage",NA,NA,FALSE,NA,0,0,0,NA,NA,NA,0,0,0,NA,NA,0,0,0,0,0,NA,NA,NA,NA,FALSE,NA,FALSE,FALSE,FALSE,FALSE,NA
"199207",1992,7,53,8,0,0,0,0,"none",NA,"pred","no_coverage",NA,NA,FALSE,NA,0,0,0,NA,NA,NA,0,0,0,NA,NA,0,0,0,0,0,NA,NA,NA,NA,FALSE,NA,FALSE,FALSE,FALSE,FALSE,NA
"199208",1992,8,53,8,0,0,0,0,"none",NA,"pred","no_coverage",NA,NA,FALSE,NA,0,0,0,NA,NA,NA,0,0,0,NA,NA,0,0,0,0,0,NA,NA,NA,NA,FALSE,NA,FALSE,FALSE,FALSE,FALSE,NA
"199209",1992,9,280,52,152,129,109,1.05e+08,"fitted","TRUE","pred","no_coverage",NA,NA,FALSE,NA,152,1,8752.7,10899744,291360.68,291209.158,10899744,7776.567,7625.045,NA,NA,7776.567,104,104,87,87,0.027,0.026,1,1,FALSE,1,FALSE,FALSE,FALSE,FALSE,29
"199210",1992,10,106,13,23,11,5,1900000,"fitted","TRUE","pred","no_coverage",NA,NA,FALSE,NA,23,1,3693.3,233692.797,291360.68,291360.68,233692.797,2435.916,2435.916,NA,NA,2435.916,10,10,4,4,0.008,0.008,1,1,FALSE,1,FALSE,FALSE,FALSE,FALSE,30
"199211",1992,11,162,43,61,45,39,2900000,"fitted","TRUE","pred","no_coverage",NA,NA,FALSE,NA,61,1,5032.3,2128101.5,291360.68,291284.325,2128101.5,3961.179,3884.824,NA,NA,3961.179,28,28,22,22,0.014,0.013,1,1,FALSE,1,FALSE,FALSE,FALSE,FALSE,31
"199212",1992,12,126,19,23,7,5,1160000,"fitted","TRUE","pred","no_coverage",NA,NA,FALSE,NA,23,1,4804.2,124890,291360.68,1072.352,124890,3585.733,995.664,NA,NA,3585.733,6,6,4,4,0.012,0.928,1,1,FALSE,1,FALSE,FALSE,FALSE,FALSE,32
"199301",1993,1,66,9,4,0,0,1000,"none",NA,"pred","no_coverage",NA,NA,FALSE,NA,4,3,1170.2,NA,NA,NA,0,0,0,NA,NA,0,0,0,0,0,NA,NA,NA,NA,FALSE,NA,FALSE,FALSE,FALSE,FALSE,NA
"199302",1993,2,69,8,0,0,0,0,"none",NA,"pred","no_coverage",NA,NA,FALSE,NA,0,0,0,NA,NA,NA,0,0,0,NA,NA,0,0,0,0,0,NA,NA,NA,NA,FALSE,NA,FALSE,FALSE,FALSE,FALSE,NA
"199303",1993,3,53,8,2,2,0,10000,"none",NA,"pred","no_coverage",NA,NA,FALSE,NA,2,1,432.1,NA,NA,NA,0,0,0,NA,NA,0,1,0,0,0,NA,NA,0,NA,FALSE,NA,FALSE,FALSE,FALSE,FALSE,NA
"199304",1993,4,53,8,0,0,0,0,"none",NA,"pred","no_coverage",NA,NA,FALSE,NA,0,0,0,NA,NA,NA,0,0,0,NA,NA,0,0,0,0,0,NA,NA,NA,NA,FALSE,NA,FALSE,FALSE,FALSE,FALSE,NA
"199305",1993,5,53,8,0,0,0,0,"none",NA,"pred","no_coverage",NA,NA,FALSE,NA,0,0,0,NA,NA,NA,0,0,0,NA,NA,0,0,0,0,0,NA,NA,NA,NA,FALSE,NA,FALSE,FALSE,FALSE,FALSE,NA
"199306",1993,6,53,8,0,0,0,0,"none",NA,"pred","no_coverage",NA,NA,FALSE,NA,0,0,0,NA,NA,NA,0,0,0,NA,NA,0,0,0,0,0,NA,NA,NA,NA,FALSE,NA,FALSE,FALSE,FALSE,FALSE,NA
"199307",1993,7,37,8,0,0,0,0,"none",NA,"pred","no_coverage",NA,NA,FALSE,NA,0,0,0,NA,NA,NA,0,0,0,NA,NA,0,0,0,0,0,NA,NA,NA,NA,FALSE,NA,FALSE,FALSE,FALSE,FALSE,NA
"199308",1993,8,87,21,2,0,0,4452,"none",NA,"pred","no_coverage",NA,NA,FALSE,NA,2,1,359.6,NA,NA,NA,0,0,0,NA,NA,0,0,0,0,0,NA,NA,NA,NA,FALSE,NA,FALSE,FALSE,FALSE,FALSE,NA
"199309",1993,9,53,8,0,0,0,0,"none",NA,"pred","no_coverage",NA,NA,FALSE,NA,0,0,0,NA,NA,NA,0,0,0,NA,NA,0,0,0,0,0,NA,NA,NA,NA,FALSE,NA,FALSE,FALSE,FALSE,FALSE,NA
"199310",1993,10,53,8,0,0,0,0,"none",NA,"pred","no_coverage",NA,NA,FALSE,NA,0,0,0,NA,NA,NA,0,0,0,NA,NA,0,0,0,0,0,NA,NA,NA,NA,FALSE,NA,FALSE,FALSE,FALSE,FALSE,NA
"199311",1993,11,57,9,2,2,0,43000,"none",NA,"pred","no_coverage",NA,NA,FALSE,NA,2,1,379.1,NA,NA,NA,0,0,0,NA,NA,0,2,0,0,0,NA,NA,0,NA,FALSE,NA,FALSE,FALSE,FALSE,FALSE,NA
"199312",1993,12,53,8,0,0,0,0,"none",NA,"pred","no_coverage",NA,NA,FALSE,NA,0,0,0,NA,NA,NA,0,0,0,NA,NA,0,0,0,0,0,NA,NA,NA,NA,FALSE,NA,FALSE,FALSE,FALSE,FALSE,NA
"199401",1994,1,53,8,0,0,0,0,"none",NA,"pred","no_coverage",NA,NA,FALSE,NA,0,0,0,NA,NA,NA,0,0,0,NA,NA,0,0,0,0,0,NA,NA,NA,NA,FALSE,NA,FALSE,FALSE,FALSE,FALSE,NA
"199402",1994,2,53,8,0,0,0,0,"none",NA,"pred","no_coverage",NA,NA,FALSE,NA,0,0,0,NA,NA,NA,0,0,0,NA,NA,0,0,0,0,0,NA,NA,NA,NA,FALSE,NA,FALSE,FALSE,FALSE,FALSE,NA
"199403",1994,3,53,8,0,0,0,0,"none",NA,"pred","no_coverage",NA,NA,FALSE,NA,0,0,0,NA,NA,NA,0,0,0,NA,NA,0,0,0,0,0,NA,NA,NA,NA,FALSE,NA,FALSE,FALSE,FALSE,FALSE,NA
"199404",1994,4,53,8,1,1,0,10000,"none",NA,"pred","no_coverage",NA,NA,FALSE,NA,1,1,314,NA,NA,NA,0,0,0,NA,NA,0,1,0,0,0,NA,NA,0,NA,FALSE,NA,FALSE,FALSE,FALSE,FALSE,NA
"199405",1994,5,53,8,0,0,0,0,"none",NA,"pred","no_coverage",NA,NA,FALSE,NA,0,0,0,NA,NA,NA,0,0,0,NA,NA,0,0,0,0,0,NA,NA,NA,NA,FALSE,NA,FALSE,FALSE,FALSE,FALSE,NA
"199406",1994,6,53,8,0,0,0,0,"none",NA,"pred","no_coverage",NA,NA,FALSE,NA,0,0,0,NA,NA,NA,0,0,0,NA,NA,0,0,0,0,0,NA,NA,NA,NA,FALSE,NA,FALSE,FALSE,FALSE,FALSE,NA
"199407",1994,7,55,8,1,0,0,2100,"none",NA,"pred","no_coverage",NA,NA,FALSE,NA,1,1,314,NA,NA,NA,0,0,0,NA,NA,0,0,0,0,0,NA,NA,NA,NA,FALSE,NA,FALSE,FALSE,FALSE,FALSE,NA
"199408",1994,8,53,8,1,1,0,10000,"none",NA,"pred","no_coverage",NA,NA,FALSE,NA,1,1,314,NA,NA,NA,0,0,0,NA,NA,0,1,0,0,0,NA,NA,0,NA,FALSE,NA,FALSE,FALSE,FALSE,FALSE,NA
"199409",1994,9,189,29,101,91,54,4.8e+07,"fitted","TRUE","pred","no_coverage",NA,NA,FALSE,NA,101,1,3085.1,25904724,291360.68,291360.68,25904724,2130.231,2130.231,NA,NA,2130.231,75,75,47,47,0.007,0.007,1,1,FALSE,1,FALSE,FALSE,FALSE,FALSE,33
"199410",1994,10,209,54,120,88,51,5400000,"fitted","TRUE","pred","no_coverage",NA,NA,FALSE,NA,120,1,7072.8,802169.875,291360.68,1902.368,802169.875,5560.747,1064.703,NA,NA,5560.747,56,56,35,35,0.019,0.56,1,1,FALSE,1,FALSE,FALSE,FALSE,FALSE,34
"199411",1994,11,200,57,111,81,36,68500000,"fitted","TRUE","pred","no_coverage",NA,NA,FALSE,NA,111,1,3552.5,253280.906,291360.68,289915.709,253280.906,2511.706,1295.345,NA,NA,2511.706,48,48,23,23,0.009,0.004,1,1,FALSE,1,FALSE,FALSE,FALSE,FALSE,35
"199412",1994,12,186,47,129,114,90,3.58e+08,"fitted","TRUE","pred","no_coverage",NA,NA,FALSE,NA,129,1,4138.1,7139824,290906.691,289615.287,4734792,2892.802,2134.288,NA,NA,2892.802,76,76,57,57,0.01,0.007,1,1,FALSE,1,FALSE,FALSE,FALSE,FALSE,36
"199501",1995,1,117,19,33,13,5,1480000,"fitted","TRUE","pred","no_coverage",NA,NA,FALSE,NA,33,1,7636.3,1094972.25,290375.015,2681.193,1062218.875,6109.921,1684.809,NA,NA,6109.921,11,11,5,5,0.021,0.628,1,1,FALSE,1,FALSE,FALSE,FALSE,FALSE,37
"199502",1995,2,81,9,12,7,4,280000,"fitted","TRUE","pred","no_coverage",NA,NA,FALSE,NA,12,2,1294.5,469478.469,291360.68,289752.451,469478.469,1004.002,774.491,NA,NA,1004.002,7,7,4,4,0.003,0.003,1,1,FALSE,1,FALSE,FALSE,FALSE,FALSE,38
"199503",1995,3,53,8,0,0,0,0,"none",NA,"pred","no_coverage",NA,NA,FALSE,NA,0,0,0,NA,NA,NA,0,0,0,NA,NA,0,0,0,0,0,NA,NA,NA,NA,FALSE,NA,FALSE,FALSE,FALSE,FALSE,NA
"199504",1995,4,206,49,106,85,59,81700000,"fitted","TRUE","pred","no_coverage",NA,NA,FALSE,NA,106,1,3405.5,1305792.25,291360.68,290672.591,1305792.25,2588.912,1977.234,NA,NA,2588.912,52,52,31,31,0.009,0.007,1,1,FALSE,1,FALSE,FALSE,FALSE,FALSE,39
"199505",1995,5,304,93,193,175,138,17240000,"fitted","TRUE","pred","no_coverage",NA,NA,FALSE,NA,193,1,6769.3,1408145.5,291360.68,286729.966,1408145.5,5009.084,3185.96,NA,NA,5009.084,100,100,71,71,0.017,0.011,1,1,FALSE,1,FALSE,FALSE,FALSE,FALSE,40
"199506",1995,6,254,74,137,106,45,51930000,"fitted","TRUE","pred","no_coverage",NA,NA,FALSE,NA,137,3,11230.5,1174508.75,291285.063,5821.233,1174508.75,9797.518,3559.56,NA,NA,9797.518,66,66,30,30,0.034,0.611,1,1,FALSE,1,FALSE,FALSE,FALSE,FALSE,41
"199507",1995,7,173,47,65,56,18,4170000,"fitted","TRUE","pred","no_coverage",NA,NA,FALSE,NA,65,1,4881.2,464420.844,291360.68,2807.371,464420.844,3640.664,1972.846,NA,NA,3640.664,34,34,10,10,0.012,0.703,1,1,FALSE,1,FALSE,FALSE,FALSE,FALSE,42
"199508",1995,8,314,88,193,140,77,64843000,"fitted","TRUE","pred","no_coverage",NA,NA,FALSE,NA,193,2,15062.8,630437.688,290395.038,1444.222,630437.688,11717.829,835.911,NA,NA,11717.829,93,93,38,38,0.04,0.579,1,1,FALSE,1,FALSE,FALSE,FALSE,FALSE,43
"199509",1995,9,388,91,230,170,101,20417000,"fitted","TRUE","pred","no_coverage",NA,NA,FALSE,NA,230,2,11710.7,1205907.75,291360.68,14418.484,1205907.75,8975.724,4442.775,NA,NA,8975.724,127,127,77,77,0.031,0.308,1,1,FALSE,1,FALSE,FALSE,FALSE,FALSE,44
"199510",1995,10,354,94,102,44,8,480000,"fitted","TRUE","pred","no_coverage",NA,NA,FALSE,NA,102,2,7734.7,50588.074,273856.132,0,50588.074,3148.948,0,NA,NA,3148.948,26,26,5,5,0.011,NA,1,1,FALSE,1,FALSE,FALSE,FALSE,FALSE,45
"199511",1995,11,167,36,65,21,3,150000,"fitted","TRUE","pred","no_coverage",NA,NA,FALSE,NA,65,2,5580.2,23734.557,20417.364,0,23593.453,2513.616,0,NA,NA,2513.616,12,12,2,2,0.123,NA,1,1,FALSE,1,FALSE,FALSE,FALSE,FALSE,46
"199512",1995,12,158,37,63,33,9,35391000,"fitted","TRUE","pred","no_coverage",NA,NA,FALSE,NA,63,1,5249.6,98742.578,291360.68,0,98742.578,3811.624,0,NA,NA,3811.624,23,23,8,8,0.013,NA,1,1,FALSE,1,FALSE,FALSE,FALSE,FALSE,47
"199601",1996,1,84,26,10,9,3,471000,"fitted","TRUE","pred","no_coverage",NA,NA,FALSE,NA,10,1,1161,107655.477,291360.68,291360.68,107655.477,835.172,835.172,NA,NA,835.172,3,3,3,3,0.003,0.003,1,1,FALSE,1,FALSE,FALSE,FALSE,FALSE,48
"199602",1996,2,179,45,112,92,62,197656000,"fitted","TRUE","pred","no_coverage",NA,NA,FALSE,NA,112,2,8023.4,52343756,291360.68,290669.904,52343756,5493.771,4957.925,NA,NA,5493.771,64,64,41,41,0.019,0.017,1,1,FALSE,1,FALSE,FALSE,FALSE,FALSE,49
"199603",1996,3,234,78,173,140,78,4700000,"fitted","TRUE","pred","no_coverage",NA,NA,FALSE,NA,173,1,10457.8,3324951.25,291134.47,288486.491,3324951.25,7477.75,6037.655,NA,NA,7477.75,97,97,53,53,0.026,0.021,1,1,FALSE,1,FALSE,FALSE,FALSE,FALSE,50
"199604",1996,4,346,98,174,108,53,1770000,"fitted","TRUE","pred","no_coverage",NA,NA,FALSE,NA,174,1,9102.4,617816.812,291360.68,1687.727,617816.812,6408.333,1303.368,NA,NA,6408.333,82,82,39,39,0.022,0.772,1,1,FALSE,1,FALSE,FALSE,FALSE,FALSE,51
"199605",1996,5,321,58,143,81,30,3171000,"fitted","TRUE","pred","no_coverage",NA,NA,FALSE,NA,143,2,9417.4,477131,291360.68,1593.367,477131,7301.535,1060.675,NA,NA,7301.535,62,62,23,23,0.025,0.666,1,1,FALSE,1,FALSE,FALSE,FALSE,FALSE,52
"199606",1996,6,335,56,137,80,33,967000,"fitted","TRUE","pred","no_coverage",NA,NA,FALSE,NA,137,3,12788.1,127471.945,291360.68,291360.68,127471.945,10337.885,10337.885,NA,NA,10337.885,64,64,29,29,0.035,0.035,1,1,FALSE,1,FALSE,FALSE,FALSE,FALSE,53
"199607",1996,7,218,45,14,1,0,40000,"fitted","TRUE","pred","no_coverage",NA,NA,FALSE,NA,14,2,5466.6,9119.955,0,0,8721.422,0,0,NA,NA,0,1,1,0,0,NA,NA,1,NA,FALSE,NA,FALSE,FALSE,FALSE,FALSE,54
"199608",1996,8,197,32,16,2,1,333000,"fitted","TRUE","pred","no_coverage",NA,NA,FALSE,NA,16,3,3706.9,11487.565,291360.68,0,11487.565,2651.767,0,NA,NA,2651.767,2,2,1,1,0.009,NA,1,1,FALSE,1,FALSE,FALSE,FALSE,FALSE,55
"199609",1996,9,139,26,8,6,0,80000,"fitted","TRUE","pred","no_coverage",NA,NA,FALSE,NA,8,3,1955.8,47430.559,285845.887,0,47430.559,1225.081,0,NA,NA,1225.081,6,6,0,0,0.004,NA,1,NA,FALSE,1,FALSE,FALSE,FALSE,FALSE,56
"199610",1996,10,177,36,40,18,3,567000,"fitted","TRUE","pred","no_coverage",NA,NA,FALSE,NA,40,6,4450.3,71538.391,284265.189,0,71538.391,2181.006,0,NA,NA,2181.006,18,18,3,3,0.008,NA,1,1,FALSE,1,FALSE,FALSE,FALSE,FALSE,57
"199611",1996,11,206,37,82,20,8,933000,"fitted","TRUE","pred","no_coverage",NA,NA,FALSE,NA,82,3,14415.8,50132.398,6120.557,0,50132.398,4166.223,0,NA,NA,4166.223,18,18,7,7,0.681,NA,1,1,FALSE,1,FALSE,FALSE,FALSE,FALSE,58
"199612",1996,12,124,26,25,12,2,790000,"fitted","TRUE","pred","no_coverage",NA,NA,FALSE,NA,25,1,6554.2,424771.031,289758.736,918.43,424771.031,4730.854,841.853,NA,NA,4730.854,12,12,2,2,0.016,0.917,1,1,FALSE,1,FALSE,FALSE,FALSE,FALSE,59
"199701",1997,1,134,25,29,17,9,8800000,"fitted","TRUE","pred","no_coverage",NA,NA,FALSE,NA,29,2,4993.3,5270520.5,291360.68,288008.517,5031392,4729.159,2063.571,NA,NA,4729.159,17,17,9,9,0.016,0.007,1,1,FALSE,1,FALSE,FALSE,FALSE,FALSE,60
"199702",1997,2,129,24,10,3,1,2e+05,"fitted","TRUE","pred","no_coverage",NA,NA,FALSE,NA,10,2,4534.6,65740.906,5513.419,0,65740.906,1909.152,0,NA,NA,1909.152,3,3,1,1,0.346,NA,1,1,FALSE,1,FALSE,FALSE,FALSE,FALSE,61
"199703",1997,3,135,26,2,0,0,1670,"none",NA,"pred","no_coverage",NA,NA,FALSE,NA,2,1,438.8,NA,NA,NA,0,0,0,NA,NA,0,0,0,0,0,NA,NA,NA,NA,FALSE,NA,FALSE,FALSE,FALSE,FALSE,NA
"199704",1997,4,139,17,0,0,0,0,"none",NA,"pred","no_coverage",NA,NA,FALSE,NA,0,0,0,NA,NA,NA,0,0,0,NA,NA,0,0,0,0,0,NA,NA,NA,NA,FALSE,NA,FALSE,FALSE,FALSE,FALSE,NA
"199705",1997,5,115,15,4,2,0,20300,"none",NA,"pred","no_coverage",NA,NA,FALSE,NA,4,1,822.7,NA,NA,NA,0,0,0,NA,NA,0,2,0,0,0,NA,NA,0,NA,FALSE,NA,FALSE,FALSE,FALSE,FALSE,NA
"199706",1997,6,62,8,0,0,0,0,"none",NA,"pred","no_coverage",NA,NA,FALSE,NA,0,0,0,NA,NA,NA,0,0,0,NA,NA,0,0,0,0,0,NA,NA,NA,NA,FALSE,NA,FALSE,FALSE,FALSE,FALSE,NA
"199707",1997,7,98,13,2,0,0,333,"none",NA,"pred","no_coverage",NA,NA,FALSE,NA,2,1,432.1,NA,NA,NA,0,0,0,NA,NA,0,0,0,0,0,NA,NA,NA,NA,FALSE,NA,FALSE,FALSE,FALSE,FALSE,NA
"199708",1997,8,164,18,11,7,1,233000,"fitted","TRUE","pred","no_coverage",NA,NA,FALSE,NA,11,1,2291.5,133502.516,291360.68,291360.68,133502.516,2227.804,2227.804,NA,NA,2227.804,7,7,1,1,0.008,0.008,1,1,FALSE,1,FALSE,FALSE,FALSE,FALSE,62
"199709",1997,9,159,29,10,2,2,190000,"fitted","TRUE","pred","no_coverage",NA,NA,FALSE,NA,10,3,2178.1,188197.953,11117.428,2842.472,168979.797,374.075,374.075,NA,NA,374.075,2,2,2,2,0.034,0.132,1,1,FALSE,1,FALSE,FALSE,FALSE,FALSE,63
"199710",1997,10,125,22,12,7,4,147000,"fitted","TRUE","pred","no_coverage",NA,NA,FALSE,NA,12,2,3237.2,142018.938,291360.68,152.822,142018.938,2365.099,152.822,NA,NA,2365.099,7,7,4,4,0.008,1,1,1,FALSE,1,FALSE,FALSE,FALSE,FALSE,64
"199711",1997,11,266,49,84,39,17,683000,"fitted","TRUE","pred","no_coverage",NA,NA,FALSE,NA,84,2,13635.3,260349.594,291285.949,1304.28,260349.594,11456.666,1304.28,NA,NA,11456.666,36,36,16,16,0.039,1,1,1,FALSE,1,FALSE,FALSE,FALSE,FALSE,65
"199712",1997,12,163,24,31,7,4,506000,"fitted","TRUE","pred","no_coverage",NA,NA,FALSE,NA,31,2,5621.2,90208.492,2625.227,0,90208.492,903.032,0,NA,NA,903.032,7,7,4,4,0.344,NA,1,1,FALSE,1,FALSE,FALSE,FALSE,FALSE,66
"199801",1998,1,124,29,16,12,4,1300000,"fitted","TRUE","pred","no_coverage",NA,NA,FALSE,NA,16,1,2051.4,380968.875,291360.68,291360.68,380968.875,1680.432,1680.432,NA,NA,1680.432,12,12,4,4,0.006,0.006,1,1,FALSE,1,FALSE,FALSE,FALSE,FALSE,67
"199802",1998,2,102,16,14,10,4,68333333,"fitted","TRUE","pred","no_coverage",NA,NA,FALSE,NA,14,4,8391.9,48392456,291360.68,283716.781,48392456,7934.157,5652.135,NA,NA,7934.157,10,10,4,4,0.027,0.02,1,1,FALSE,1,FALSE,FALSE,FALSE,FALSE,68
"199803",1998,3,104,17,6,2,1,288333,"fitted","TRUE","pred","no_coverage",NA,NA,FALSE,NA,6,3,1754.6,64582.273,291360.68,0,64582.273,1751.729,0,NA,NA,1751.729,2,2,1,1,0.006,NA,1,1,FALSE,1,FALSE,FALSE,FALSE,FALSE,69
"199804",1998,4,80,16,0,0,0,0,"none",NA,"pred","no_coverage",NA,NA,FALSE,NA,0,0,0,NA,NA,NA,0,0,0,NA,NA,0,0,0,0,0,NA,NA,NA,NA,FALSE,NA,FALSE,FALSE,FALSE,FALSE,NA
"199805",1998,5,78,8,12,2,1,133000,"fitted","TRUE","pred","no_coverage",NA,NA,FALSE,NA,12,1,6390.1,17488.514,2138.67,0,17488.514,1986.239,0,NA,NA,1986.239,2,2,1,1,0.929,NA,1,1,FALSE,1,FALSE,FALSE,FALSE,FALSE,70
"199806",1998,6,88,8,5,0,0,3000,"none",NA,"pred","no_coverage",NA,NA,FALSE,NA,5,1,2711.3,NA,NA,NA,0,0,0,NA,NA,0,0,0,0,0,NA,NA,NA,NA,FALSE,NA,FALSE,FALSE,FALSE,FALSE,NA
"199807",1998,7,119,18,2,0,0,2000,"none",NA,"pred","no_coverage",NA,NA,FALSE,NA,2,2,628,NA,NA,NA,0,0,0,NA,NA,0,0,0,0,0,NA,NA,NA,NA,FALSE,NA,FALSE,FALSE,FALSE,FALSE,NA
"199808",1998,8,144,15,2,0,0,2000,"none",NA,"pred","no_coverage",NA,NA,FALSE,NA,2,2,628,NA,NA,NA,0,0,0,NA,NA,0,0,0,0,0,NA,NA,NA,NA,FALSE,NA,FALSE,FALSE,FALSE,FALSE,NA
"199809",1998,9,138,25,12,1,1,2e+05,"fitted","TRUE","pred","no_coverage",NA,NA,FALSE,NA,12,1,757.9,6755.164,0,0,6755.164,0,0,NA,NA,0,1,1,1,1,NA,NA,1,1,FALSE,NA,FALSE,FALSE,FALSE,FALSE,71
"199810",1998,10,119,20,9,0,0,2000,"fitted","TRUE","pred","no_coverage",NA,NA,FALSE,NA,9,2,1558.5,901.932,0,0,901.932,0,0,NA,NA,0,0,0,0,0,NA,NA,NA,NA,FALSE,NA,FALSE,FALSE,FALSE,FALSE,72
"199811",1998,11,292,16,139,86,25,780000,"fitted","TRUE","pred","no_coverage",NA,NA,FALSE,NA,139,1,7183,106179.531,611.843,76.411,106179.531,611.843,76.411,NA,NA,611.843,86,86,25,25,1,1,1,1,FALSE,1,FALSE,FALSE,FALSE,FALSE,73
"199812",1998,12,292,21,96,64,34,34430000,"fitted","TRUE","pred","no_coverage",NA,NA,FALSE,NA,96,1,14616.2,3257894.5,290523.973,8890.131,3257894.5,12694.289,4900.584,NA,NA,12694.289,62,62,33,33,0.044,0.551,1,1,FALSE,1,FALSE,FALSE,FALSE,FALSE,74
"199901",1999,1,341,57,156,80,44,3630000,"fitted","TRUE","pred","no_coverage",NA,NA,FALSE,NA,156,1,10648.5,2297256,289444.473,534.711,2297256,6892.822,534.711,NA,NA,6892.822,76,76,42,42,0.024,1,1,1,FALSE,1,FALSE,FALSE,FALSE,FALSE,75
"199902",1999,2,335,74,163,100,48,3.3e+07,"fitted","TRUE","pred","no_coverage",NA,NA,FALSE,NA,163,1,8429.5,312217.969,288134.31,3724.51,308538.375,4961.772,1596.368,NA,NA,4961.772,65,65,32,32,0.017,0.429,1,1,FALSE,1,FALSE,FALSE,FALSE,FALSE,76
"199903",1999,3,226,20,21,2,2,169000,"fitted","TRUE","pred","no_coverage",NA,NA,FALSE,NA,21,2,5616.7,52207.309,1305.044,0,52207.309,536.7,0,NA,NA,536.7,2,2,2,2,0.411,NA,1,1,FALSE,1,FALSE,FALSE,FALSE,FALSE,77
"199904",1999,4,161,22,13,2,0,26700,"fitted","TRUE","pred","no_coverage",NA,NA,FALSE,NA,13,3,2045.8,5968.696,0,0,5968.696,0,0,NA,NA,0,1,1,0,0,NA,NA,1,NA,FALSE,NA,FALSE,FALSE,FALSE,FALSE,78
"199905",1999,5,104,14,4,0,0,2000,"none",NA,"pred","no_coverage",NA,NA,FALSE,NA,4,2,1009,NA,NA,NA,0,0,0,NA,NA,0,0,0,0,0,NA,NA,NA,NA,FALSE,NA,FALSE,FALSE,FALSE,FALSE,NA
"199906",1999,6,157,8,4,0,0,1000,"none",NA,"pred","no_coverage",NA,NA,FALSE,NA,4,2,628.7,NA,NA,NA,0,0,0,NA,NA,0,0,0,0,0,NA,NA,NA,NA,FALSE,NA,FALSE,FALSE,FALSE,FALSE,NA
"199907",1999,7,172,10,7,0,0,4000,"failed","no model","pred","no_coverage",NA,NA,FALSE,NA,7,3,1104.2,0,0,0,0,0,0,NA,NA,0,0,0,0,0,NA,NA,NA,NA,FALSE,NA,FALSE,FALSE,FALSE,FALSE,NA
"199908",1999,8,242,25,36,8,1,933000,"fitted","TRUE","pred","no_coverage",NA,NA,FALSE,NA,36,3,4206,21358.131,13052.3,0,21358.131,1351.732,0,NA,NA,1351.732,7,7,1,1,0.104,NA,1,1,FALSE,1,FALSE,FALSE,FALSE,FALSE,79
"199909",1999,9,574,53,284,191,102,15500000,"fitted","TRUE","pred","no_coverage",NA,NA,FALSE,NA,284,4,38854.6,782732.938,280351.391,3851.552,782732.938,28429.624,3777.806,NA,NA,28429.624,174,174,94,94,0.101,0.981,1,1,FALSE,1,FALSE,FALSE,FALSE,FALSE,80
"199910",1999,10,342,31,107,54,36,9040000,"fitted","TRUE","pred","no_coverage",NA,NA,FALSE,NA,107,2,18704.4,6448972.5,248084.207,2589.899,6448972.5,9961.343,2208.066,NA,NA,9961.343,49,49,32,32,0.04,0.853,1,1,FALSE,1,FALSE,FALSE,FALSE,FALSE,81
"199911",1999,11,135,28,47,35,26,11700000,"fitted","TRUE","pred","no_coverage",NA,NA,FALSE,NA,47,2,2434.5,550330.812,291213.061,442.857,550330.812,1263.683,368.985,NA,NA,1263.683,22,22,16,16,0.004,0.833,1,1,FALSE,1,FALSE,FALSE,FALSE,FALSE,82
"199912",1999,12,307,36,90,47,19,1430000,"fitted","TRUE","pred","no_coverage",NA,NA,FALSE,NA,90,2,17564.5,401350.594,287472.749,1343.434,401350.594,12434.179,1195.69,NA,NA,12434.179,35,35,12,12,0.043,0.89,1,1,FALSE,1,FALSE,FALSE,FALSE,FALSE,83
"200001",2000,1,312,39,98,45,15,2230000,"fitted","TRUE","pred","no_coverage",NA,NA,FALSE,NA,98,2,16908.9,270551.781,287514.05,1841.472,270551.781,14064.1,1841.472,NA,NA,14064.1,33,33,7,7,0.049,1,1,1,FALSE,1,FALSE,FALSE,FALSE,FALSE,84
"200002",2000,2,266,31,49,30,12,1830000,"fitted","TRUE","pred","no_coverage",NA,NA,FALSE,NA,49,1,6139.8,460810.312,288388.134,769.592,460810.312,3290.996,384.688,NA,NA,3290.996,21,21,9,9,0.011,0.5,1,1,FALSE,1,FALSE,FALSE,FALSE,FALSE,85
"200003",2000,3,293,33,44,29,9,2400000,"fitted","TRUE","pred","no_coverage",NA,NA,FALSE,NA,44,1,8541.7,297621.906,291360.68,5067.397,297621.906,7950.85,2608.94,NA,NA,7950.85,17,17,2,2,0.027,0.515,1,1,FALSE,1,FALSE,FALSE,FALSE,FALSE,86
"200004",2000,4,266,34,31,10,2,6e+05,"fitted","TRUE","pred","no_coverage",NA,NA,FALSE,NA,31,2,2728,47264.309,291283.721,0,47264.309,2061.833,0,NA,NA,2061.833,7,7,2,2,0.007,NA,1,1,FALSE,1,FALSE,FALSE,FALSE,FALSE,87
"200005",2000,5,279,22,9,1,0,98000,"fitted","TRUE","pred","no_coverage",NA,NA,FALSE,NA,9,2,7131,5383.145,0,0,5383.145,0,0,NA,NA,0,1,1,0,0,NA,NA,1,NA,FALSE,NA,FALSE,FALSE,FALSE,FALSE,88
"200006",2000,6,237,9,1,0,0,4000,"none",NA,"pred","no_coverage",NA,NA,FALSE,NA,1,1,314,NA,NA,NA,0,0,0,NA,NA,0,0,0,0,0,NA,NA,NA,NA,FALSE,NA,FALSE,FALSE,FALSE,FALSE,NA
"200007",2000,7,178,10,0,0,0,0,"none",NA,"pred","no_coverage",NA,NA,FALSE,NA,0,0,0,NA,NA,NA,0,0,0,NA,NA,0,0,0,0,0,NA,NA,NA,NA,FALSE,NA,FALSE,FALSE,FALSE,FALSE,NA
"200008",2000,8,174,7,8,3,1,247000,"fitted","TRUE","pred","no_coverage",NA,NA,FALSE,NA,8,5,3631.4,221743.844,1039.72,74.182,221743.844,668.009,74.182,NA,NA,668.009,3,3,1,1,0.642,1,1,1,FALSE,1,FALSE,FALSE,FALSE,FALSE,89
"200009",2000,9,811,39,396,254,168,2010000,"fitted","TRUE","pred","no_coverage",NA,NA,FALSE,NA,396,3,30156.8,605794.188,15152.155,3033.158,605794.188,6159.017,2810.736,NA,NA,6159.017,246,246,164,164,0.406,0.927,1,1,FALSE,1,FALSE,FALSE,FALSE,FALSE,90
"200010",2000,10,537,29,289,209,160,19900000,"fitted","TRUE","pred","no_coverage",NA,NA,FALSE,NA,289,4,26423.6,1442639,20308.961,4870.518,1442639,13064.203,3903.401,NA,NA,13064.203,205,205,156,156,0.643,0.801,1,1,FALSE,1,FALSE,FALSE,FALSE,FALSE,91
"200011",2000,11,240,44,70,14,1,367000,"fitted","TRUE","pred","no_coverage",NA,NA,FALSE,NA,70,2,15831.7,13667.92,295.861,0,13667.92,295.861,0,NA,NA,295.861,9,9,1,1,1,NA,1,1,FALSE,1,FALSE,FALSE,FALSE,FALSE,92
"200012",2000,12,65,3,11,1,0,14000,"fitted","TRUE","pred","no_coverage",NA,NA,FALSE,NA,11,5,4145.1,3866.3,0,0,3866.3,0,0,NA,NA,0,1,1,0,0,NA,NA,1,NA,FALSE,NA,FALSE,FALSE,FALSE,FALSE,93
"200101",2001,1,105,4,14,0,0,9000,"fitted","TRUE","pred","no_coverage",NA,NA,FALSE,NA,14,4,4084.1,1840.131,0,0,1840.131,0,0,NA,NA,0,0,0,0,0,NA,NA,NA,NA,FALSE,NA,FALSE,FALSE,FALSE,FALSE,94
"200102",2001,2,73,4,6,0,0,3000,"failed","no model","pred","no_coverage",NA,NA,FALSE,NA,6,1,628.6,0,0,0,0,0,0,NA,NA,0,0,0,0,0,NA,NA,NA,NA,FALSE,NA,FALSE,FALSE,FALSE,FALSE,NA
"200103",2001,3,85,2,4,0,0,2000,"none",NA,"pred","no_coverage",NA,NA,FALSE,NA,4,1,2679.8,NA,NA,NA,0,0,0,NA,NA,0,0,0,0,0,NA,NA,NA,NA,FALSE,NA,FALSE,FALSE,FALSE,FALSE,NA
"200104",2001,4,144,5,3,0,0,1000,"none",NA,"pred","no_coverage",NA,NA,FALSE,NA,3,2,909.9,NA,NA,NA,0,0,0,NA,NA,0,0,0,0,0,NA,NA,NA,NA,FALSE,NA,FALSE,FALSE,FALSE,FALSE,NA
"200105",2001,5,140,6,10,0,0,2000,"fitted","TRUE","pred","no_coverage",NA,NA,FALSE,NA,10,2,2957.7,1365.096,0,0,1365.096,0,0,NA,NA,0,0,0,0,0,NA,NA,NA,NA,FALSE,NA,FALSE,FALSE,FALSE,FALSE,95
"200106",2001,6,149,3,2,0,0,333,"none",NA,"pred","no_coverage",NA,NA,FALSE,NA,2,2,628,NA,NA,NA,0,0,0,NA,NA,0,0,0,0,0,NA,NA,NA,NA,FALSE,NA,FALSE,FALSE,FALSE,FALSE,NA
"200107",2001,7,78,1,1,0,0,333,"none",NA,"pred","no_coverage",NA,NA,FALSE,NA,1,1,314,NA,NA,NA,0,0,0,NA,NA,0,0,0,0,0,NA,NA,NA,NA,FALSE,NA,FALSE,FALSE,FALSE,FALSE,NA
"200108",2001,8,427,51,183,117,69,43430000,"fitted","TRUE","pred","no_coverage",NA,NA,FALSE,NA,183,1,7531.5,5895738,290905.256,3290.865,5895738,6259.287,2907.818,NA,NA,6259.287,102,102,57,57,0.022,0.884,1,1,FALSE,1,FALSE,FALSE,FALSE,FALSE,96
"200109",2001,9,743,50,500,422,340,1.05e+08,"fitted","TRUE","pred","no_coverage",NA,NA,FALSE,NA,500,1,17833.2,18840108,291360.68,274815.621,18840108,16284.168,10180.41,NA,NA,16284.168,396,396,317,317,0.056,0.037,1,1,FALSE,1,FALSE,FALSE,FALSE,FALSE,97
"200110",2001,10,426,48,307,229,151,25900000,"fitted","TRUE","pred","no_coverage",NA,NA,FALSE,NA,307,3,24769.5,2853565.25,291207.142,74598.364,2853565.25,22090.084,15056.925,NA,NA,22090.084,215,215,140,140,0.076,0.202,1,1,FALSE,1,FALSE,FALSE,FALSE,FALSE,98
"200111",2001,11,379,39,260,212,126,10830000,"fitted","TRUE","pred","no_coverage",NA,NA,FALSE,NA,260,3,18347.3,1852299.25,280913.429,7914.886,1852299.25,13690.074,5933.78,NA,NA,13690.074,198,198,118,118,0.049,0.75,1,1,FALSE,1,FALSE,FALSE,FALSE,FALSE,99
"200112",2001,12,398,61,233,153,54,1800000,"fitted","TRUE","pred","no_coverage",NA,NA,FALSE,NA,233,3,16536.9,211740.469,281169.183,5571.293,211740.469,10499.651,4347.607,NA,NA,10499.651,133,133,49,49,0.037,0.78,1,1,FALSE,1,FALSE,FALSE,FALSE,FALSE,100
"200201",2002,1,301,22,154,86,32,9400000,"fitted","TRUE","pred","no_coverage",NA,NA,FALSE,NA,154,1,17143.7,429355.812,284890.245,6932.351,429355.812,12194.603,5327.808,NA,NA,12194.603,83,83,30,30,0.043,0.769,1,1,FALSE,1,FALSE,FALSE,FALSE,FALSE,101
"200202",2002,2,322,51,207,146,94,2920000,"fitted","TRUE","pred","no_coverage",NA,NA,FALSE,NA,207,2,16709.4,4115524,291360.68,254380.121,4115524,14733.295,8420.868,NA,NA,14733.295,119,119,74,74,0.051,0.033,1,1,FALSE,1,FALSE,FALSE,FALSE,FALSE,102
"200203",2002,3,237,22,66,33,13,1930000,"fitted","TRUE","pred","no_coverage",NA,NA,FALSE,NA,66,2,8350.7,285792.562,291360.68,840.91,285792.562,5872.678,764.555,NA,NA,5872.678,30,30,11,11,0.02,0.909,1,1,FALSE,1,FALSE,FALSE,FALSE,FALSE,103
"200204",2002,4,158,15,36,20,5,430000,"fitted","TRUE","pred","no_coverage",NA,NA,FALSE,NA,36,2,5255,80953.062,277689.37,0,80953.062,2061.513,0,NA,NA,2061.513,15,15,4,4,0.007,NA,1,1,FALSE,1,FALSE,FALSE,FALSE,FALSE,104
"200205",2002,5,305,44,65,23,0,82000,"fitted","TRUE","pred","no_coverage",NA,NA,FALSE,NA,65,1,5439.1,13779.072,152.654,0,13779.072,152.654,0,NA,NA,152.654,5,5,0,0,1,NA,1,NA,FALSE,1,FALSE,FALSE,FALSE,FALSE,105
"200206",2002,6,175,18,45,16,4,203000,"fitted","TRUE","pred","no_coverage",NA,NA,FALSE,NA,45,1,5610.5,22319.209,291360.68,0,22319.209,4946.828,0,NA,NA,4946.828,16,16,4,4,0.017,NA,1,1,FALSE,1,FALSE,FALSE,FALSE,FALSE,106
"200207",2002,7,245,38,68,25,10,1100000,"fitted","TRUE","modis","no_coverage",NA,NA,TRUE,36,68,2,6408.3,95540.5,291360.68,0,95540.5,10685.033,0,NA,10685.033,5151.341,18,11,7,6,0.037,NA,0.611,0.857,FALSE,2.074,FALSE,FALSE,FALSE,FALSE,107
"200208",2002,8,271,27,111,55,17,2880000,"fitted","TRUE","modis","no_coverage",NA,NA,TRUE,49,111,2,8144.7,104170.586,291209.158,76.018,30594.271,11509.182,0,NA,11509.182,6839.71,47,7,12,2,0.04,0,0.149,0.167,FALSE,1.683,FALSE,TRUE,TRUE,FALSE,108
"200209",2002,9,274,46,121,48,9,1570000,"fitted","TRUE","modis","no_coverage",NA,NA,TRUE,30,121,3,10997.2,40253.789,291360.68,0,40253.789,32037.654,0,NA,32037.654,9349.764,39,33,6,6,0.11,NA,0.846,1,FALSE,3.427,FALSE,FALSE,FALSE,FALSE,109
"200210",2002,10,137,25,29,6,1,367000,"fitted","TRUE","modis","no_coverage",NA,NA,TRUE,22,29,3,10998.6,28373.705,279357.018,0,24305.246,25390.566,0,NA,25390.566,3890.252,6,4,1,1,0.091,NA,0.667,1,FALSE,6.527,FALSE,FALSE,FALSE,FALSE,110
"200211",2002,11,195,30,85,34,2,302000,"fitted","TRUE","modis","no_coverage",NA,NA,TRUE,41,85,2,10605.2,31134.967,4969.785,0,31134.967,3823.794,0,NA,3823.794,2906.4,33,32,2,2,0.769,NA,0.97,1,FALSE,1.316,FALSE,FALSE,FALSE,FALSE,111
"200212",2002,12,107,20,22,9,4,1318000,"fitted","TRUE","modis","no_coverage",NA,NA,TRUE,39,22,1,8075.9,576763.875,285699.785,767.841,576763.875,30249.956,767.841,NA,30249.956,4137.94,9,9,4,4,0.106,1,1,1,FALSE,7.31,FALSE,FALSE,FALSE,FALSE,112
"200301",2003,1,309,48,154,87,35,9300000,"fitted","TRUE","modis","no_coverage",NA,NA,TRUE,33,154,1,13614.8,1432337.125,291209.044,8735.674,445612.594,34538.62,1684.12,NA,34538.62,10800.502,81,50,32,18,0.119,0.193,0.617,0.562,FALSE,3.198,FALSE,FALSE,FALSE,FALSE,113
"200302",2003,2,218,41,105,52,14,980000,"fitted","TRUE","modis","no_coverage",NA,NA,TRUE,51,105,2,10591.3,94223.219,281354.311,0,65828.469,11741.083,0,NA,11741.083,3768.609,41,1,9,0,0.042,NA,0.024,0,FALSE,3.115,FALSE,TRUE,TRUE,FALSE,114
"200303",2003,3,247,54,136,95,58,4030000,"fitted","TRUE","modis","no_coverage",NA,NA,TRUE,37,136,2,12570.2,2755671.5,288848.504,5877.411,2755671.5,14042.481,2517.397,NA,14042.481,9258.494,78,57,50,43,0.049,0.428,0.731,0.86,FALSE,1.517,FALSE,FALSE,FALSE,FALSE,115
"200304",2003,4,339,56,224,140,56,9610000,"fitted","TRUE","modis","no_coverage",NA,NA,TRUE,30,224,4,16300.5,495165.406,291360.68,16744.813,495165.406,13048.945,3125.132,NA,13048.945,13828.839,126,96,50,37,0.045,0.187,0.762,0.74,FALSE,0.944,FALSE,FALSE,FALSE,FALSE,116
"200305",2003,5,344,50,157,94,34,3800000,"fitted","TRUE","modis","no_coverage",NA,NA,TRUE,31,157,3,10891.8,215694.766,275903.044,1143.695,215694.766,11895.552,534.146,NA,11895.552,8249.643,80,46,25,15,0.043,0.467,0.575,0.6,FALSE,1.442,FALSE,FALSE,FALSE,FALSE,117
"200306",2003,6,263,36,92,44,9,665000,"fitted","TRUE","modis","no_coverage",NA,NA,TRUE,59,92,2,9606.6,100660.484,291360.68,76.018,83516.094,11631.26,0,NA,11631.26,8378.986,35,17,7,3,0.04,0,0.486,0.429,FALSE,1.388,FALSE,TRUE,TRUE,FALSE,118
"200307",2003,7,330,54,165,87,27,1380000,"fitted","TRUE","modis","no_coverage",NA,NA,TRUE,45,165,5,16084,187042.578,291207.858,304.072,75509.82,14305.998,0,NA,14305.998,14048.026,70,33,21,11,0.049,0,0.471,0.524,FALSE,1.018,FALSE,TRUE,TRUE,FALSE,119
"200308",2003,8,358,63,157,91,36,2020000,"fitted","TRUE","modis","no_coverage",NA,NA,TRUE,41,157,2,12563.2,270735.438,291360.68,2358.413,270735.438,18709.281,303.673,NA,18709.281,10798.151,79,38,30,13,0.064,0.129,0.481,0.433,FALSE,1.733,FALSE,TRUE,TRUE,FALSE,120
"200309",2003,9,338,77,130,71,32,2560000,"fitted","TRUE","modis","no_coverage",NA,NA,TRUE,31,130,3,26998.5,624007.75,291360.68,11343.322,470506.969,36166.072,4485.052,NA,36166.072,24179.998,58,38,29,16,0.124,0.395,0.655,0.552,FALSE,1.496,FALSE,FALSE,FALSE,FALSE,121
"200310",2003,10,158,37,38,14,2,139000,"fitted","TRUE","modis","no_coverage",NA,NA,TRUE,22,38,2,9326.9,18475.539,291360.68,0,18475.539,34324.337,0,NA,34324.337,7412.539,6,6,1,1,0.118,NA,1,1,FALSE,4.631,FALSE,FALSE,FALSE,FALSE,122
"200311",2003,11,246,30,110,37,3,187000,"fitted","TRUE","modis","no_coverage",NA,NA,TRUE,30,110,3,19084.5,71092.094,4879.347,0,62068.684,2976.394,0,NA,2976.394,4116.4,34,28,2,2,0.61,NA,0.824,1,FALSE,0.723,FALSE,FALSE,FALSE,FALSE,123
"200312",2003,12,202,34,45,20,3,213000,"fitted","TRUE","modis","no_coverage",NA,NA,TRUE,61,45,3,8733.8,48440.785,54725.762,0,44547.137,20914.571,0,NA,20914.571,3647.285,19,9,3,1,0.382,NA,0.474,0.333,FALSE,5.734,FALSE,TRUE,TRUE,FALSE,124
"200401",2004,1,296,58,126,76,36,543000,"fitted","TRUE","modis","no_coverage",NA,NA,TRUE,41,126,1,13613.6,477141.125,291210.088,6982.699,477141.125,12223.804,909.245,NA,12223.804,11731.168,61,34,29,19,0.042,0.13,0.557,0.655,FALSE,1.042,FALSE,FALSE,FALSE,FALSE,125
"200402",2004,2,240,65,139,81,35,2010000,"fitted","TRUE","modis","no_coverage",NA,NA,TRUE,58,139,1,6308.8,358425.719,290978.847,1444.735,358425.719,15492.939,380.146,NA,15492.939,4336.619,52,48,15,15,0.053,0.263,0.923,1,FALSE,3.573,FALSE,FALSE,FALSE,FALSE,126
"200403",2004,3,312,54,7,0,0,2000,"fitted","TRUE","modis","no_coverage",NA,NA,TRUE,22,7,1,4658.8,1570.668,0,0,1298.28,0,0,NA,0,0,0,0,0,0,NA,NA,NA,NA,FALSE,NA,FALSE,FALSE,FALSE,FALSE,127
"200404",2004,4,206,42,9,0,0,3000,"fitted","TRUE","modis","no_coverage",NA,NA,TRUE,26,9,1,2555.2,1203.372,0,0,771.559,0,0,NA,0,0,0,0,0,0,NA,NA,NA,NA,FALSE,NA,FALSE,FALSE,FALSE,FALSE,128
"200405",2004,5,183,31,3,0,0,3000,"none",NA,"modis","no_coverage",NA,NA,TRUE,25,3,1,319.6,NA,NA,NA,0,0,0,NA,0,0,0,0,0,0,NA,NA,NA,NA,FALSE,NA,FALSE,FALSE,FALSE,FALSE,NA
"200406",2004,6,156,26,4,0,0,1000,"none",NA,"modis","no_coverage",NA,NA,TRUE,33,4,3,947.6,NA,NA,NA,0,0,0,NA,0,0,0,0,0,0,NA,NA,NA,NA,FALSE,NA,FALSE,FALSE,FALSE,FALSE,NA
"200407",2004,7,77,15,0,0,0,0,"none",NA,"modis","no_coverage",NA,NA,TRUE,49,0,0,0,NA,NA,NA,0,0,0,NA,0,0,0,0,0,0,NA,NA,NA,NA,FALSE,NA,FALSE,FALSE,FALSE,FALSE,NA
"200408",2004,8,122,22,0,0,0,0,"none",NA,"modis","no_coverage",NA,NA,TRUE,33,0,0,0,NA,NA,NA,0,0,0,NA,0,0,0,0,0,0,NA,NA,NA,NA,FALSE,NA,FALSE,FALSE,FALSE,FALSE,NA
"200409",2004,9,37,12,1,0,0,333,"none",NA,"modis","no_coverage",NA,NA,TRUE,37,1,1,314,NA,NA,NA,0,0,0,NA,0,0,0,0,0,0,NA,NA,NA,NA,FALSE,NA,FALSE,FALSE,FALSE,FALSE,NA
"200410",2004,10,186,23,40,4,2,118000,"fitted","TRUE","modis","no_coverage",NA,NA,TRUE,19,40,2,4056.7,32932.793,153.429,0,32932.793,153.429,0,NA,153.429,153.429,4,4,2,2,1,NA,1,1,FALSE,1,FALSE,FALSE,FALSE,FALSE,129
"200411",2004,11,202,39,61,42,32,1080000,"fitted","TRUE","modis","no_coverage",NA,NA,TRUE,30,61,1,12143.7,2097662,283718.961,3314.67,2097662,38753.252,3083.631,NA,38753.252,5385.328,42,37,32,29,0.137,0.93,0.881,0.906,FALSE,7.196,FALSE,FALSE,FALSE,FALSE,130
"200412",2004,12,142,21,32,22,7,593000,"fitted","TRUE","modis","no_coverage",NA,NA,TRUE,39,32,1,9848.4,145922.219,282337.112,2087.727,145922.219,48475.618,2087.727,NA,48475.618,5710.543,22,22,7,7,0.172,1,1,1,FALSE,8.489,FALSE,FALSE,FALSE,FALSE,131
"200501",2005,1,195,51,92,65,44,6e+07,"fitted","TRUE","modis","no_coverage",NA,NA,TRUE,33,92,3,8545.3,5834068,284373.067,33207.83,5834068,25541.774,12268.911,NA,25541.774,6234.193,58,53,39,36,0.09,0.369,0.914,0.923,FALSE,4.097,FALSE,FALSE,FALSE,FALSE,132
"200502",2005,2,198,37,142,113,69,151100000,"fitted","TRUE","modis","no_coverage",NA,NA,TRUE,37,142,2,11197.7,2112129.75,290902.312,11447.718,2112129.75,15545.129,3814.107,NA,15545.129,9392.159,92,85,50,47,0.053,0.333,0.924,0.94,FALSE,1.655,FALSE,FALSE,FALSE,FALSE,133
"200503",2005,3,259,64,134,100,51,4402000,"fitted","TRUE","modis","no_coverage",NA,NA,TRUE,17,134,1,6732,4628416,290292.961,287473.635,2545443.25,19543.014,17717.13,NA,19543.014,4487.218,77,73,33,30,0.067,0.062,0.948,0.909,FALSE,4.355,FALSE,FALSE,FALSE,FALSE,134
"200504",2005,4,269,43,56,14,4,3270000,"fitted","TRUE","modis","no_coverage",NA,NA,TRUE,25,56,4,4776.1,27205.648,291360.68,0,27205.439,13439.335,0,NA,13439.335,3727.096,5,1,1,0,0.046,NA,0.2,0,FALSE,3.606,FALSE,TRUE,TRUE,FALSE,135
"200505",2005,5,164,59,83,59,38,49400000,"fitted","TRUE","modis","no_coverage",NA,NA,TRUE,24,83,2,2277.6,2140817,291360.68,291360.68,1885133.625,7235.644,7235.644,NA,7235.644,1665.342,27,25,14,14,0.025,0.025,0.926,1,FALSE,4.345,FALSE,FALSE,FALSE,FALSE,136
"200506",2005,6,208,74,116,106,79,152210000,"fitted","TRUE","modis","no_coverage",NA,NA,TRUE,28,116,1,5034.9,2379489.75,291360.68,291284.891,2379489.75,12116.214,12116.214,NA,12116.214,3262.245,73,65,54,48,0.042,0.042,0.89,0.889,FALSE,3.714,FALSE,FALSE,FALSE,FALSE,137
"200507",2005,7,320,79,189,154,84,64200000,"fitted","TRUE","modis","no_coverage",NA,NA,TRUE,47,189,1,8052,1916334.25,291285.063,286223.688,1916334.25,22694.166,20119.878,NA,22694.166,6130.32,118,114,58,57,0.078,0.07,0.966,0.983,FALSE,3.702,FALSE,FALSE,FALSE,FALSE,138
"200508",2005,8,637,81,414,283,142,4600000,"fitted","TRUE","modis","no_coverage",NA,NA,TRUE,35,414,5,20358.6,958656.875,291360.68,290294.604,958656.875,29364.679,28450.692,NA,29364.679,17079.383,256,169,121,89,0.101,0.098,0.66,0.736,FALSE,1.719,FALSE,FALSE,FALSE,FALSE,139
"200509",2005,9,617,113,493,392,239,162188000,"fitted","TRUE","modis","no_coverage",NA,NA,TRUE,32,493,1,53616.6,8447494,291064.013,271210.109,8447494,79367.434,62986.07,NA,79367.434,48233.96,337,321,207,206,0.273,0.232,0.953,0.995,FALSE,1.645,FALSE,FALSE,FALSE,FALSE,140
"200510",2005,10,504,114,265,134,58,3907000,"fitted","TRUE","modis","no_coverage",NA,NA,TRUE,30,265,3,22470.6,1741901.25,291207.858,31421.314,1741901.25,72526.477,23591.612,NA,72526.477,13584.559,111,105,48,46,0.249,0.751,0.946,0.958,FALSE,5.339,FALSE,FALSE,FALSE,FALSE,141
"200511",2005,11,460,92,285,163,81,7170000,"fitted","TRUE","modis","no_coverage",NA,NA,TRUE,24,285,4,28871.4,2277395.75,289795.109,21789.385,2277395.75,54793.746,16316.972,NA,54793.746,20509.736,139,136,67,67,0.189,0.749,0.978,1,FALSE,2.672,FALSE,FALSE,FALSE,FALSE,142
"200512",2005,12,259,57,93,40,20,4700000,"fitted","TRUE","modis","no_coverage",NA,NA,TRUE,28,93,4,17889.1,758755.688,291134.485,5650.516,758755.688,38021.564,4965.884,NA,38021.564,13059.523,30,29,14,14,0.131,0.879,0.967,1,FALSE,2.911,FALSE,FALSE,FALSE,FALSE,143
"200601",2006,1,471,123,85,9,3,205000,"fitted","TRUE","modis","no_coverage",NA,NA,TRUE,28,85,3,12050.2,5891.113,0,0,5891.113,0,0,NA,0,0,8,7,3,2,NA,NA,0.875,0.667,FALSE,NA,FALSE,FALSE,FALSE,FALSE,144
"200602",2006,2,396,116,7,0,0,5000,"fitted","TRUE","modis","no_coverage",NA,NA,TRUE,32,7,4,5963.8,4947.233,0,0,4947.233,0,0,NA,0,0,0,0,0,0,NA,NA,NA,NA,FALSE,NA,FALSE,FALSE,FALSE,FALSE,145
"200603",2006,3,368,103,2,0,0,300,"none",NA,"modis","no_coverage",NA,NA,TRUE,29,2,1,494.1,NA,NA,NA,0,0,0,NA,0,0,0,0,0,0,NA,NA,NA,NA,FALSE,NA,FALSE,FALSE,FALSE,FALSE,NA
"200604",2006,4,287,77,3,0,0,1000,"none",NA,"pred","no_coverage",NA,NA,FALSE,NA,3,3,942,NA,NA,NA,0,0,0,NA,NA,0,0,0,0,0,NA,NA,NA,NA,FALSE,NA,FALSE,FALSE,FALSE,FALSE,NA
"200605",2006,5,473,106,8,0,0,4000,"fitted","TRUE","modis","no_coverage",NA,NA,TRUE,28,8,6,2030.4,853.959,0,0,853.959,0,0,NA,0,0,0,0,0,0,NA,NA,NA,NA,FALSE,NA,FALSE,FALSE,FALSE,FALSE,146
"200606",2006,6,334,68,33,10,4,455000,"fitted","TRUE","modis","no_coverage",NA,NA,TRUE,24,33,2,8244.5,57161.793,230682.461,0,56803.02,9714.829,0,NA,9714.829,1455.627,9,3,4,1,0.042,NA,0.333,0.25,FALSE,6.674,FALSE,TRUE,TRUE,FALSE,147
"200607",2006,7,565,80,188,124,73,1.25e+08,"fitted","TRUE","modis","no_coverage",NA,NA,TRUE,19,188,6,9563.1,3511316.75,291360.68,6574.579,2995907.75,9701.795,1453.527,NA,9701.795,7310.042,104,67,63,45,0.033,0.221,0.644,0.714,FALSE,1.327,FALSE,FALSE,FALSE,FALSE,148
"200608",2006,8,675,116,385,265,134,55625000,"fitted","TRUE","modis","no_coverage",NA,NA,TRUE,37,385,2,14919.7,3348804,291360.68,3650.953,3348804,14753.976,1901.427,NA,14753.976,12888.017,210,166,85,73,0.051,0.521,0.79,0.859,FALSE,1.145,FALSE,FALSE,FALSE,FALSE,149
"200609",2006,9,631,113,484,393,252,45090000,"fitted","TRUE","modis","no_coverage",NA,NA,TRUE,25,484,3,20103,4995852,279486.766,11095.079,4995852,21710.79,7972.039,NA,21710.79,16568.524,319,283,201,194,0.078,0.719,0.887,0.965,FALSE,1.31,FALSE,FALSE,FALSE,FALSE,150
"200610",2006,10,673,132,454,365,224,22660000,"fitted","TRUE","modis","no_coverage",NA,NA,TRUE,23,454,2,23255.3,1628581.75,289357.335,22641.115,1628581.75,32576.332,14137.884,NA,32576.332,20259.014,279,273,166,164,0.113,0.624,0.978,0.988,FALSE,1.608,FALSE,FALSE,FALSE,FALSE,151
"200611",2006,11,666,103,338,219,80,5600000,"fitted","TRUE","modis","no_coverage",NA,NA,TRUE,25,338,1,24040.4,1403587.625,291054.704,10067.654,1403587.625,35649.177,9608.864,NA,35649.177,20441.247,187,177,67,67,0.122,0.954,0.947,1,FALSE,1.744,FALSE,FALSE,FALSE,FALSE,152
"200612",2006,12,374,92,89,31,7,1453333,"fitted","TRUE","modis","no_coverage",NA,NA,TRUE,40,89,1,12475.6,165604.219,283731.325,2696.85,165604.219,20485.928,2466.196,NA,20485.928,6116.898,27,22,7,7,0.072,0.914,0.815,1,FALSE,3.349,FALSE,FALSE,FALSE,FALSE,153
"200701",2007,1,356,96,161,98,32,2378000,"fitted","TRUE","modis","no_coverage",NA,NA,TRUE,27,161,1,8699.5,268823.219,291360.68,2364.607,268823.219,17901.807,686.022,NA,17901.807,6877.874,65,35,18,7,0.061,0.29,0.538,0.389,FALSE,2.603,FALSE,FALSE,FALSE,FALSE,154
"200702",2007,2,347,81,30,10,3,1870000,"fitted","TRUE","modis","no_coverage",NA,NA,TRUE,52,30,2,13522.2,44622.105,291360.68,0,44622.105,12319.388,0,NA,12319.388,12741.987,9,3,3,1,0.042,NA,0.333,0.333,FALSE,0.967,FALSE,TRUE,TRUE,FALSE,155
"200703",2007,3,424,108,49,15,5,480000,"fitted","TRUE","modis","no_coverage",NA,NA,TRUE,43,49,3,4241.5,86798.617,383.052,0,67397.203,306.474,0,NA,306.474,383.052,15,12,5,5,0.8,NA,0.8,1,FALSE,0.8,FALSE,FALSE,FALSE,FALSE,156
"200704",2007,4,523,96,2,0,0,333,"none",NA,"modis","no_coverage",NA,NA,TRUE,28,2,2,628,NA,NA,NA,0,0,0,NA,0,0,0,0,0,0,NA,NA,NA,NA,FALSE,NA,FALSE,FALSE,FALSE,FALSE,NA
"200705",2007,5,397,74,4,0,0,1000,"none",NA,"modis","no_coverage",NA,NA,TRUE,26,4,3,1255.2,NA,NA,NA,0,0,0,NA,0,0,0,0,0,0,NA,NA,NA,NA,FALSE,NA,FALSE,FALSE,FALSE,FALSE,NA
"200706",2007,6,412,66,11,0,0,1000,"fitted","TRUE","modis","no_coverage",NA,NA,TRUE,30,11,1,5512.1,913.07,0,0,857.314,0,0,NA,0,0,0,0,0,0,NA,NA,NA,NA,FALSE,NA,FALSE,FALSE,FALSE,FALSE,157
"200707",2007,7,534,119,2,0,0,333,"none",NA,"modis","no_coverage",NA,NA,TRUE,33,2,1,319.8,NA,NA,NA,0,0,0,NA,0,0,0,0,0,0,NA,NA,NA,NA,FALSE,NA,FALSE,FALSE,FALSE,FALSE,NA
"200708",2007,8,528,120,8,0,0,1600,"fitted","TRUE","modis","no_coverage",NA,NA,TRUE,29,8,2,980.8,514.867,0,0,514.867,0,0,NA,0,0,0,0,0,0,NA,NA,NA,NA,FALSE,NA,FALSE,FALSE,FALSE,FALSE,158
"200709",2007,9,389,95,38,25,21,1372000,"fitted","TRUE","modis","no_coverage",NA,NA,TRUE,34,38,3,5163.7,1165641,290300.294,9557.585,841403.562,25326.822,2632.015,NA,25326.822,3521.751,24,22,21,20,0.087,0.275,0.917,0.952,FALSE,7.192,FALSE,FALSE,FALSE,FALSE,159
"200710",2007,10,826,142,214,146,92,14059000,"fitted","TRUE","modis","no_coverage",NA,NA,TRUE,40,214,2,23262.5,1168410.375,286416.642,16642.615,1168410.375,33243.468,11136.498,NA,33243.468,15626.561,138,135,86,83,0.116,0.669,0.978,0.965,FALSE,2.127,FALSE,FALSE,FALSE,FALSE,160
"200711",2007,11,593,140,85,32,17,3530000,"fitted","TRUE","modis","no_coverage",NA,NA,TRUE,28,85,2,18624.8,348827.781,235363.668,5341.282,348827.781,13200.002,2526.033,NA,13200.002,5769.577,21,15,10,7,0.056,0.473,0.714,0.7,FALSE,2.288,FALSE,FALSE,FALSE,FALSE,161
"200712",2007,12,418,117,30,8,3,130000,"fitted","TRUE","modis","no_coverage",NA,NA,TRUE,26,30,5,12041.6,52329.867,23577.038,0,52315.48,5722.919,0,NA,5722.919,1137.484,2,1,0,0,0.243,NA,0.5,NA,FALSE,5.031,FALSE,FALSE,FALSE,FALSE,162
"200801",2008,1,407,106,9,0,0,1000,"fitted","FALSE","modis","no_coverage",NA,NA,TRUE,37,9,3,3140.9,1000,0,0,1000,0,0,NA,0,0,0,0,0,0,NA,NA,NA,NA,FALSE,NA,FALSE,FALSE,FALSE,FALSE,163
"200802",2008,2,339,97,4,3,1,277000,"none",NA,"modis","no_coverage",NA,NA,TRUE,32,4,1,385.1,NA,NA,NA,0,0,0,NA,0,0,3,0,1,0,NA,NA,0,0,FALSE,NA,FALSE,FALSE,FALSE,FALSE,NA
"200803",2008,3,357,98,5,2,1,159000,"none",NA,"modis","no_coverage",NA,NA,TRUE,35,5,3,1044.7,NA,NA,NA,0,0,0,NA,0,0,2,0,1,0,NA,NA,0,0,FALSE,NA,FALSE,FALSE,FALSE,FALSE,NA
"200804",2008,4,444,109,17,1,0,33000,"fitted","TRUE","modis","no_coverage",NA,NA,TRUE,27,17,2,6839.3,7900.176,0,0,6792.499,0,0,NA,0,0,1,0,0,0,NA,NA,0,NA,FALSE,NA,FALSE,FALSE,FALSE,FALSE,164
"200805",2008,5,377,94,9,0,0,1670,"failed","no model","modis","no_coverage",NA,NA,TRUE,24,9,2,5012.8,0,0,0,0,0,0,NA,0,0,0,0,0,0,NA,NA,NA,NA,FALSE,NA,FALSE,FALSE,FALSE,FALSE,NA
"200806",2008,6,309,79,4,0,0,1000,"none",NA,"modis","no_coverage",NA,NA,TRUE,25,4,3,1187.4,NA,NA,NA,0,0,0,NA,0,0,0,0,0,0,NA,NA,NA,NA,FALSE,NA,FALSE,FALSE,FALSE,FALSE,NA
"200807",2008,7,477,113,2,0,0,333,"none",NA,"modis","no_coverage",NA,NA,TRUE,26,2,2,628,NA,NA,NA,0,0,0,NA,0,0,0,0,0,0,NA,NA,NA,NA,FALSE,NA,FALSE,FALSE,FALSE,FALSE,NA
"200808",2008,8,393,96,2,0,0,1000,"none",NA,"modis","no_coverage",NA,NA,TRUE,33,2,1,314,NA,NA,NA,0,0,0,NA,0,0,0,0,0,0,NA,NA,NA,NA,FALSE,NA,FALSE,FALSE,FALSE,FALSE,NA
"200809",2008,9,419,108,4,0,0,1000,"none",NA,"modis","no_coverage",NA,NA,TRUE,25,4,2,983.5,NA,NA,NA,0,0,0,NA,0,0,0,0,0,0,NA,NA,NA,NA,FALSE,NA,FALSE,FALSE,FALSE,FALSE,NA
"200810",2008,10,722,89,128,51,10,755000,"fitted","TRUE","modis","no_coverage",NA,NA,TRUE,33,128,2,8308.3,71739.031,1147.387,0,71739.031,1070.92,0,NA,1070.92,1070.92,51,51,10,10,0.933,NA,1,1,FALSE,1,FALSE,FALSE,FALSE,FALSE,165
"200811",2008,11,311,80,24,4,1,135000,"fitted","TRUE","modis","no_coverage",NA,NA,TRUE,24,24,4,5089.2,19774.287,9026.857,0,19774.287,6791.71,0,NA,6791.71,1617.704,4,3,1,1,0.752,NA,0.75,1,FALSE,4.198,FALSE,FALSE,FALSE,FALSE,166
"200812",2008,12,380,119,15,0,0,2667,"fitted","TRUE","modis","no_coverage",NA,NA,TRUE,55,15,6,8094.5,1167.689,0,0,1167.526,0,0,NA,0,0,0,0,0,0,NA,NA,NA,NA,FALSE,NA,FALSE,FALSE,FALSE,FALSE,167
"200901",2009,1,339,100,8,0,0,1000,"fitted","TRUE","modis","no_coverage",NA,NA,TRUE,30,8,3,1349.4,805.577,0,0,805.577,0,0,NA,0,0,0,0,0,0,NA,NA,NA,NA,FALSE,NA,FALSE,FALSE,FALSE,FALSE,168
"200902",2009,2,373,103,3,0,0,1000,"none",NA,"modis","no_coverage",NA,NA,TRUE,48,3,2,628,NA,NA,NA,0,0,0,NA,0,0,0,0,0,0,NA,NA,NA,NA,FALSE,NA,FALSE,FALSE,FALSE,FALSE,NA
"200903",2009,3,401,104,4,0,0,333,"none",NA,"modis","no_coverage",NA,NA,TRUE,26,4,2,792.9,NA,NA,NA,0,0,0,NA,0,0,0,0,0,0,NA,NA,NA,NA,FALSE,NA,FALSE,FALSE,FALSE,FALSE,NA
"200904",2009,4,404,99,9,2,0,32666,"fitted","TRUE","modis","no_coverage",NA,NA,TRUE,27,9,2,8360.2,13215.796,229.011,0,5087.861,0,0,NA,0,229.011,1,0,0,0,0,NA,0,NA,FALSE,0,FALSE,FALSE,FALSE,FALSE,169
"200905",2009,5,358,100,14,0,0,1667,"fitted","TRUE","modis","no_coverage",NA,NA,TRUE,22,14,3,3138.5,940.972,0,0,928.541,0,0,NA,0,0,0,0,0,0,NA,NA,NA,NA,FALSE,NA,FALSE,FALSE,FALSE,FALSE,170
"200906",2009,6,432,130,13,0,0,7000,"fitted","TRUE","modis","no_coverage",NA,NA,TRUE,29,13,4,2373.4,1733.762,0,0,1598.053,0,0,NA,0,0,0,0,0,0,NA,NA,NA,NA,FALSE,NA,FALSE,FALSE,FALSE,FALSE,171
"200907",2009,7,462,124,21,0,0,3000,"fitted","TRUE","modis","no_coverage",NA,NA,TRUE,28,21,4,3426.4,1058.821,0,0,891.51,0,0,NA,0,0,0,0,0,0,NA,NA,NA,NA,FALSE,NA,FALSE,FALSE,FALSE,FALSE,172
"200908",2009,8,430,119,5,0,0,333,"none",NA,"modis","no_coverage",NA,NA,TRUE,27,5,2,1459.6,NA,NA,NA,0,0,0,NA,0,0,0,0,0,0,NA,NA,NA,NA,FALSE,NA,FALSE,FALSE,FALSE,FALSE,NA
"200909",2009,9,440,116,19,0,0,2000,"fitted","TRUE","modis","no_coverage",NA,NA,TRUE,27,19,1,4358.6,1082.35,0,0,1079.008,0,0,NA,0,0,0,0,0,0,NA,NA,NA,NA,FALSE,NA,FALSE,FALSE,FALSE,FALSE,173
"200910",2009,10,878,116,153,66,22,5609300,"fitted","TRUE","modis","no_coverage",NA,NA,TRUE,25,153,1,12486.5,128270.234,287491.068,2532.203,128270.234,20061.235,1994.302,NA,20061.235,9177.538,66,55,22,17,0.07,0.788,0.833,0.773,FALSE,2.186,FALSE,FALSE,FALSE,FALSE,174
"200911",2009,11,389,104,65,28,21,20100000,"fitted","TRUE","modis","no_coverage",NA,NA,TRUE,45,65,1,6677.4,71396480,289757.704,3142.568,8252093,29005.735,997.315,NA,29005.735,2833.591,28,10,21,4,0.1,0.317,0.357,0.19,FALSE,10.236,FALSE,TRUE,TRUE,FALSE,175
"200912",2009,12,396,120,97,24,2,172000,"fitted","TRUE","modis","no_coverage",NA,NA,TRUE,76,97,2,4412.2,18509.596,290447.235,0,18509.596,46597.725,0,NA,46597.725,2519.298,17,17,1,1,0.16,NA,1,1,FALSE,18.496,FALSE,FALSE,FALSE,FALSE,176
"201001",2010,1,423,119,40,10,1,122000,"fitted","TRUE","modis","no_coverage",NA,NA,TRUE,71,40,1,10502.9,8759.728,0,0,8759.728,0,0,NA,0,0,10,10,1,1,NA,NA,1,1,FALSE,NA,FALSE,FALSE,FALSE,FALSE,177
"201002",2010,2,353,109,11,3,0,15700,"fitted","TRUE","modis","no_coverage",NA,NA,TRUE,80,11,2,2976.7,6597.432,0,0,6597.432,0,0,NA,0,0,2,2,0,0,NA,NA,1,NA,FALSE,NA,FALSE,FALSE,FALSE,FALSE,178
"201003",2010,3,432,127,4,0,0,6333,"none",NA,"modis","no_coverage",NA,NA,TRUE,51,4,3,1136.4,NA,NA,NA,0,0,0,NA,0,0,0,0,0,0,NA,NA,NA,NA,FALSE,NA,FALSE,FALSE,FALSE,FALSE,NA
"201004",2010,4,356,122,8,0,0,1600,"fitted","TRUE","modis","no_coverage",NA,NA,TRUE,26,8,3,2014.7,900.782,0,0,869.436,0,0,NA,0,0,0,0,0,0,NA,NA,NA,NA,FALSE,NA,FALSE,FALSE,FALSE,FALSE,179
"201005",2010,5,471,127,10,0,0,1000,"fitted","TRUE","modis","no_coverage",NA,NA,TRUE,20,10,4,4111.7,532.537,0,0,532.537,0,0,NA,0,0,0,0,0,0,NA,NA,NA,NA,FALSE,NA,FALSE,FALSE,FALSE,FALSE,180
"201006",2010,6,479,138,7,0,0,1000,"fitted","TRUE","modis","no_coverage",NA,NA,TRUE,30,7,4,1513.5,469.867,0,0,469.867,0,0,NA,0,0,0,0,0,0,NA,NA,NA,NA,FALSE,NA,FALSE,FALSE,FALSE,FALSE,181
"201007",2010,7,452,117,2,0,0,1000,"none",NA,"modis","no_coverage",NA,NA,TRUE,27,2,2,628,NA,NA,NA,0,0,0,NA,0,0,0,0,0,0,NA,NA,NA,NA,FALSE,NA,FALSE,FALSE,FALSE,FALSE,NA
"201008",2010,8,389,116,4,0,0,1000,"none",NA,"modis","no_coverage",NA,NA,TRUE,35,4,3,1246.3,NA,NA,NA,0,0,0,NA,0,0,0,0,0,0,NA,NA,NA,NA,FALSE,NA,FALSE,FALSE,FALSE,FALSE,NA
"201009",2010,9,371,101,7,0,0,2000,"fitted","TRUE","modis","no_coverage",NA,NA,TRUE,30,7,2,1405.6,1530.831,0,0,1425.371,0,0,NA,0,0,0,0,0,0,NA,NA,NA,NA,FALSE,NA,FALSE,FALSE,FALSE,FALSE,182
"201010",2010,10,584,112,12,0,0,5000,"fitted","TRUE","modis","no_coverage",NA,NA,TRUE,25,12,3,2155.1,2053.526,0,0,1779.232,0,0,NA,0,0,0,0,0,0,NA,NA,NA,NA,FALSE,NA,FALSE,FALSE,FALSE,FALSE,183
"201011",2010,11,356,104,3,0,0,1300,"none",NA,"modis","no_coverage",NA,NA,TRUE,22,3,1,419.1,NA,NA,NA,0,0,0,NA,0,0,0,0,0,0,NA,NA,NA,NA,FALSE,NA,FALSE,FALSE,FALSE,FALSE,NA
"201012",2010,12,251,73,4,0,0,7000,"none",NA,"modis","no_coverage",NA,NA,TRUE,57,4,2,628,NA,NA,NA,0,0,0,NA,0,0,0,0,0,0,NA,NA,NA,NA,FALSE,NA,FALSE,FALSE,FALSE,FALSE,NA
"201101",2011,1,376,121,2,0,0,1000,"none",NA,"modis","no_coverage",NA,NA,TRUE,55,2,2,628,NA,NA,NA,0,0,0,NA,0,0,0,0,0,0,NA,NA,NA,NA,FALSE,NA,FALSE,FALSE,FALSE,FALSE,NA
"201102",2011,2,385,106,7,0,0,2000,"fitted","TRUE","modis","no_coverage",NA,NA,TRUE,37,7,4,1507,1154.734,0,0,1053,0,0,NA,0,0,0,0,0,0,NA,NA,NA,NA,FALSE,NA,FALSE,FALSE,FALSE,FALSE,184
"201103",2011,3,430,117,25,0,0,2000,"fitted","TRUE","modis","no_coverage",NA,NA,TRUE,27,25,2,9485.5,1141.059,0,0,568.612,0,0,NA,0,0,0,0,0,0,NA,NA,NA,NA,FALSE,NA,FALSE,FALSE,FALSE,FALSE,185
"201104",2011,4,435,119,22,0,0,7000,"fitted","TRUE","modis","no_coverage",NA,NA,TRUE,24,22,3,10706.7,1587.455,0,0,546.319,0,0,NA,0,0,0,0,0,0,NA,NA,NA,NA,FALSE,NA,FALSE,FALSE,FALSE,FALSE,186
"201105",2011,5,453,141,6,0,0,2000,"fitted","TRUE","modis","no_coverage",NA,NA,TRUE,26,6,1,2164.4,1108.496,0,0,718.047,0,0,NA,0,0,0,0,0,0,NA,NA,NA,NA,FALSE,NA,FALSE,FALSE,FALSE,FALSE,187
"201106",2011,6,476,116,10,0,0,1300,"fitted","TRUE","modis","no_coverage",NA,NA,TRUE,22,10,2,3370.3,701.241,0,0,701.241,0,0,NA,0,0,0,0,0,0,NA,NA,NA,NA,FALSE,NA,FALSE,FALSE,FALSE,FALSE,188
"201107",2011,7,457,141,13,0,0,2000,"fitted","TRUE","modis","no_coverage",NA,NA,TRUE,28,13,3,4620.2,1100.413,0,0,1010.27,0,0,NA,0,0,0,0,0,0,NA,NA,NA,NA,FALSE,NA,FALSE,FALSE,FALSE,FALSE,189
"201108",2011,8,470,148,7,1,0,17410,"fitted","TRUE","modis","no_coverage",NA,NA,TRUE,27,7,2,5679.6,2624.739,0,0,2624.739,0,0,NA,0,0,1,0,0,0,NA,NA,0,NA,FALSE,NA,FALSE,FALSE,FALSE,FALSE,190
"201109",2011,9,437,106,41,14,7,2450000,"fitted","TRUE","modis","no_coverage",NA,NA,TRUE,23,41,1,4680.4,147434.891,291360.68,533.424,147434.891,19558.167,228.562,NA,19558.167,3503.325,9,8,5,5,0.067,0.428,0.889,1,FALSE,5.583,FALSE,FALSE,FALSE,FALSE,191
"201110",2011,10,569,120,152,102,65,22275000,"fitted","TRUE","modis","no_coverage",NA,NA,TRUE,38,152,1,5330.2,4478020.5,291132.683,289144.372,4478020.5,24968.944,23669.201,NA,24968.944,4129.875,98,98,64,64,0.086,0.082,1,1,FALSE,6.046,FALSE,FALSE,FALSE,FALSE,192
"201111",2011,11,471,130,112,65,46,30448000,"fitted","TRUE","modis","no_coverage",NA,NA,TRUE,29,112,1,6371.4,2757693,291360.68,288613.636,2757693,22887.805,21361.826,NA,22887.805,4212.805,57,57,42,42,0.079,0.074,1,1,FALSE,5.433,FALSE,FALSE,FALSE,FALSE,193
"201112",2011,12,511,147,163,130,95,23936000,"fitted","TRUE","modis","no_coverage",NA,NA,TRUE,30,163,1,5671.9,7715437.5,290749.725,289755.714,7715437.5,23114.58,22808.713,NA,23114.58,4145.845,114,113,85,85,0.079,0.079,0.991,1,FALSE,5.575,FALSE,FALSE,FALSE,FALSE,194
"201201",2012,1,438,124,91,34,17,1319300,"fitted","TRUE","viirs","positive",48,0.207,TRUE,37,91,4,6548.6,177517.953,290596.405,846.166,177517.953,6482.488,692.956,6482.488,17016.623,4353.608,29,13,15,10,0.022,0.819,0.448,0.667,FALSE,1.489,FALSE,TRUE,TRUE,FALSE,195
"201202",2012,2,376,119,12,0,0,5000,"fitted","TRUE","viirs","zero",0,0,TRUE,61,12,3,7548.9,745.996,0,0,0,0,0,0,0,0,0,0,0,0,NA,NA,NA,NA,TRUE,NA,FALSE,FALSE,TRUE,FALSE,196
"201203",2012,3,458,117,41,14,8,513300,"fitted","TRUE","viirs","zero",0,0,TRUE,35,41,5,14023.3,177829.297,8656.595,1315.452,0,0,0,0,2318.329,5098.124,13,0,7,0,0,0,0,0,TRUE,0,TRUE,TRUE,TRUE,TRUE,197
"201204",2012,4,439,128,20,1,0,11000,"fitted","TRUE","viirs","zero",0,0,TRUE,22,20,3,4041.5,1519.848,0,0,0,0,0,0,0,0,1,0,0,0,NA,NA,0,NA,TRUE,NA,FALSE,FALSE,TRUE,FALSE,198
"201205",2012,5,386,110,8,0,0,1000,"fitted","TRUE","viirs","zero",0,0,TRUE,27,8,2,1560.8,989.492,0,0,0,0,0,0,0,0,0,0,0,0,NA,NA,NA,NA,TRUE,NA,FALSE,FALSE,TRUE,FALSE,199
"201206",2012,6,469,97,42,2,0,80300,"fitted","TRUE","viirs","zero",0,0,TRUE,26,42,5,7923.7,3827.143,0,0,0,0,0,0,0,0,1,0,0,0,NA,NA,0,NA,TRUE,NA,FALSE,FALSE,TRUE,FALSE,200
"201207",2012,7,434,121,7,0,0,1000,"failed","no model","viirs","zero",0,0,TRUE,40,7,3,2694.5,0,0,0,0,0,0,0,0,0,0,0,0,0,NA,NA,NA,NA,FALSE,NA,FALSE,FALSE,FALSE,FALSE,NA
"201208",2012,8,359,98,23,0,0,6300,"fitted","TRUE","viirs","zero",0,0,TRUE,40,23,3,7184,3880.339,0,0,0,0,0,0,0,0,0,0,0,0,NA,NA,NA,NA,TRUE,NA,FALSE,FALSE,TRUE,FALSE,201
"201209",2012,9,496,116,163,20,0,58000,"fitted","TRUE","viirs","positive",47,0.735,TRUE,35,163,4,9988.2,17329.201,152.487,0,10999.553,76.3,0,76.3,0,152.487,13,5,0,0,0.5,NA,0.385,NA,FALSE,0.5,FALSE,TRUE,TRUE,FALSE,202
"201210",2012,10,737,151,485,309,164,68420000,"fitted","TRUE","viirs","positive",104,0.773,TRUE,41,485,3,12351.9,1705330.375,291360.68,290901.507,1705330.375,15494.046,15188.028,15494.046,32084.061,9680.389,243,184,129,105,0.053,0.052,0.757,0.814,FALSE,1.601,FALSE,FALSE,FALSE,FALSE,203
"201211",2012,11,737,169,499,359,147,1.5e+08,"fitted","TRUE","viirs","positive",18,0.138,TRUE,37,499,1,13713.4,1423496,291206.924,19987.801,1423496,2912.882,1914.314,2912.882,22095.691,9554.395,290,66,132,44,0.01,0.096,0.228,0.333,FALSE,0.305,FALSE,TRUE,TRUE,FALSE,204
"201212",2012,12,497,140,247,102,40,8420000,"fitted","TRUE","viirs","positive",15,0.113,TRUE,48,247,2,10744.2,519385.156,291133.139,1375.713,268010.781,2527.424,536.314,2527.424,22420.849,7697,75,24,24,8,0.009,0.39,0.32,0.333,FALSE,0.328,FALSE,TRUE,TRUE,FALSE,205
"201301",2013,1,697,184,490,369,227,63506600,"fitted","TRUE","viirs","positive",36,0.276,TRUE,31,490,2,9869.2,5020582.5,289035.384,13188.801,5020582.5,5269.09,4510.113,5269.09,18488.137,6337.569,269,182,165,114,0.018,0.342,0.677,0.691,FALSE,0.831,FALSE,FALSE,FALSE,FALSE,206
"201302",2013,2,625,174,403,297,174,3984300,"fitted","TRUE","viirs","positive",23,0.297,TRUE,29,403,1,9798.3,2371374.25,288780.469,285106.842,2115365.75,3217.372,3217.372,3217.372,19334.946,6433.971,201,93,139,78,0.011,0.011,0.463,0.561,FALSE,0.5,FALSE,TRUE,TRUE,FALSE,207
"201303",2013,3,493,153,173,69,15,853300,"fitted","TRUE","viirs","zero",0,0,TRUE,39,173,2,6437,130661.945,10401.511,153.099,0,0,0,0,763.186,2292.037,49,0,14,0,0,0,0,0,TRUE,0,TRUE,TRUE,TRUE,TRUE,208
"201304",2013,4,683,157,133,9,2,352600,"fitted","TRUE","viirs","zero",0,0,TRUE,29,133,1,9855.9,6387.142,0,0,0,0,0,0,0,0,9,0,2,0,NA,NA,0,0,TRUE,NA,FALSE,TRUE,TRUE,FALSE,209
"201305",2013,5,568,144,85,0,0,5000,"fitted","TRUE","viirs","zero",0,0,TRUE,25,85,2,9697,1308.201,0,0,0,0,0,0,0,0,0,0,0,0,NA,NA,NA,NA,TRUE,NA,FALSE,FALSE,TRUE,FALSE,210
"201306",2013,6,459,118,19,0,0,5667,"fitted","TRUE","viirs","zero",0,0,TRUE,23,19,4,8185.7,3050.334,0,0,0,0,0,0,0,0,0,0,0,0,NA,NA,NA,NA,TRUE,NA,FALSE,FALSE,TRUE,FALSE,211
"201307",2013,7,380,116,15,1,0,19000,"fitted","TRUE","viirs","positive",4,0.018,TRUE,39,15,1,1686.2,1990.443,0,0,1063.466,0,0,0,0,0,0,0,0,0,NA,NA,NA,NA,FALSE,NA,FALSE,FALSE,FALSE,FALSE,212
"201308",2013,8,449,113,6,0,0,1000,"fitted","FALSE","viirs","zero",0,0,TRUE,45,6,2,2385.2,1023.326,0,0,0,0,0,0,0,0,0,0,0,0,NA,NA,NA,NA,TRUE,NA,FALSE,FALSE,TRUE,FALSE,213
"201309",2013,9,472,113,20,1,0,11000,"fitted","TRUE","viirs","zero",0,0,TRUE,30,20,1,6058,1895.556,0,0,0,0,0,0,0,0,1,0,0,0,NA,NA,0,NA,TRUE,NA,FALSE,FALSE,TRUE,FALSE,214
"201310",2013,10,615,133,113,13,2,133000,"fitted","TRUE","viirs","zero",0,0,TRUE,24,113,4,8668.1,6915.307,0,0,0,0,0,0,0,0,9,0,0,0,NA,NA,0,NA,TRUE,NA,FALSE,TRUE,TRUE,FALSE,215
"201311",2013,11,578,127,215,83,30,1821000,"fitted","TRUE","viirs","positive",21,0.311,TRUE,62,215,1,7834.9,417324.188,286177.672,536.371,417324.188,2222.211,383.217,2222.211,21235.859,3061.903,78,63,30,26,0.008,0.714,0.808,0.867,FALSE,0.726,FALSE,FALSE,FALSE,FALSE,216
"201312",2013,12,427,134,13,0,0,2000,"fitted","TRUE","viirs","positive",7,0.061,TRUE,47,13,3,3657.7,895.082,0,0,757.073,0,0,0,0,0,0,0,0,0,NA,NA,NA,NA,FALSE,NA,FALSE,FALSE,FALSE,FALSE,217
"201401",2014,1,403,115,15,0,0,3000,"fitted","TRUE","viirs","zero",0,0,TRUE,30,15,2,3108.5,1117.161,0,0,0,0,0,0,0,0,0,0,0,0,NA,NA,NA,NA,TRUE,NA,FALSE,FALSE,TRUE,FALSE,218
"201402",2014,2,499,121,16,0,0,2000,"fitted","TRUE","viirs","zero",0,0,TRUE,31,16,3,5463.8,644.237,0,0,0,0,0,0,0,0,0,0,0,0,NA,NA,NA,NA,TRUE,NA,FALSE,FALSE,TRUE,FALSE,219
"201403",2014,3,418,121,17,0,0,1000,"fitted","TRUE","viirs","zero",0,0,TRUE,29,17,2,6853.4,532.496,0,0,0,0,0,0,0,0,0,0,0,0,NA,NA,NA,NA,TRUE,NA,FALSE,FALSE,TRUE,FALSE,220
"201404",2014,4,503,114,27,0,0,1000,"fitted","TRUE","viirs","zero",0,0,TRUE,31,27,2,12810.1,526.5,0,0,0,0,0,0,0,0,0,0,0,0,NA,NA,NA,NA,TRUE,NA,FALSE,FALSE,TRUE,FALSE,221
"201405",2014,5,450,126,17,0,0,2000,"fitted","TRUE","viirs","zero",0,0,TRUE,27,17,1,6091.6,658.48,0,0,0,0,0,0,0,0,0,0,0,0,NA,NA,NA,NA,TRUE,NA,FALSE,FALSE,TRUE,FALSE,222
"201406",2014,6,409,118,15,0,0,2300,"fitted","TRUE","viirs","zero",0,0,TRUE,37,15,4,5376.5,1178.561,0,0,0,0,0,0,0,0,0,0,0,0,NA,NA,NA,NA,TRUE,NA,FALSE,FALSE,TRUE,FALSE,223
"201407",2014,7,455,119,34,16,10,20265000,"fitted","TRUE","viirs","positive",52,0.28,TRUE,48,34,4,12115.7,2765506.25,280204.856,12099.241,2765506.25,7797.144,5706.675,7797.144,14893.675,7308.311,16,12,10,8,0.028,0.472,0.75,0.8,FALSE,1.067,FALSE,FALSE,FALSE,FALSE,224
"201408",2014,8,836,134,256,152,80,1462667,"fitted","TRUE","viirs","positive",129,0.408,TRUE,39,256,7,24250.5,1096336.5,28438.464,5716.337,1096336.5,15691.727,5716.337,15691.727,6379.612,13310.347,152,140,80,77,0.552,1,0.921,0.963,FALSE,1.179,FALSE,FALSE,FALSE,FALSE,225
"201409",2014,9,810,164,122,60,30,1972667,"fitted","TRUE","viirs","positive",55,0.159,TRUE,48,122,2,23557.8,1543536.5,19663.182,5521.302,1543536.5,3809.017,2537.828,3809.017,6271.485,7013.832,60,14,30,12,0.194,0.46,0.233,0.4,FALSE,0.543,FALSE,TRUE,TRUE,FALSE,226
"201410",2014,10,620,145,59,18,10,2300000,"fitted","TRUE","viirs","positive",36,0.098,TRUE,30,59,4,12437.9,226387.391,16378.153,2908.514,92303.117,1051.475,0,1051.475,3736.231,2738.743,18,0,10,0,0.064,0,0,0,FALSE,0.384,FALSE,TRUE,TRUE,FALSE,227
"201411",2014,11,521,138,91,40,16,5547500,"fitted","TRUE","viirs","positive",88,0.439,TRUE,34,91,3,9312.2,603791.188,247161.765,2388.184,603791.188,8932.258,2311.01,8932.258,25439.268,3608.939,36,33,16,16,0.036,0.968,0.917,1,FALSE,2.475,FALSE,FALSE,FALSE,FALSE,228
"201412",2014,12,464,125,5,0,0,4000,"none",NA,"viirs","zero",0,0,TRUE,36,5,4,1528.5,NA,NA,NA,0,0,0,0,0,0,0,0,0,0,NA,NA,NA,NA,FALSE,NA,FALSE,FALSE,FALSE,FALSE,NA
"201501",2015,1,303,85,3,0,0,1000,"none",NA,"viirs","zero",0,0,TRUE,37,3,3,942,NA,NA,NA,0,0,0,0,0,0,0,0,0,0,NA,NA,NA,NA,FALSE,NA,FALSE,FALSE,FALSE,FALSE,NA
"201502",2015,2,382,107,3,0,0,1000,"none",NA,"viirs","zero",0,0,TRUE,32,3,3,942,NA,NA,NA,0,0,0,0,0,0,0,0,0,0,NA,NA,NA,NA,FALSE,NA,FALSE,FALSE,FALSE,FALSE,NA
"201503",2015,3,474,121,11,0,0,667,"fitted","TRUE","viirs","zero",0,0,TRUE,18,11,4,3073.1,559.673,0,0,0,0,0,0,0,0,0,0,0,0,NA,NA,NA,NA,TRUE,NA,FALSE,FALSE,TRUE,FALSE,229
"201504",2015,4,501,108,4,0,0,667,"none",NA,"viirs","zero",0,0,TRUE,25,4,3,1032,NA,NA,NA,0,0,0,0,0,0,0,0,0,0,NA,NA,NA,NA,FALSE,NA,FALSE,FALSE,FALSE,FALSE,NA
"201505",2015,5,390,114,3,0,0,333,"none",NA,"viirs","positive",3,0.012,TRUE,25,3,3,942,NA,NA,NA,0,0,0,0,0,0,0,0,0,0,NA,NA,NA,NA,FALSE,NA,FALSE,FALSE,FALSE,FALSE,NA
"201506",2015,6,530,108,6,0,0,500,"fitted","TRUE","viirs","positive",3,0.012,TRUE,31,6,6,1884.1,360.452,0,0,360.452,0,0,0,0,0,0,0,0,0,NA,NA,NA,NA,FALSE,NA,FALSE,FALSE,FALSE,FALSE,230
"201507",2015,7,345,97,2,0,0,333,"none",NA,"viirs","positive",3,0.012,TRUE,34,2,1,556.2,NA,NA,NA,0,0,0,0,0,0,0,0,0,0,NA,NA,NA,NA,FALSE,NA,FALSE,FALSE,FALSE,FALSE,NA
"201508",2015,8,431,93,2,0,0,333,"none",NA,"viirs","positive",3,0.012,TRUE,31,2,2,628,NA,NA,NA,0,0,0,0,0,0,0,0,0,0,NA,NA,NA,NA,FALSE,NA,FALSE,FALSE,FALSE,FALSE,NA
"201509",2015,9,470,108,84,24,5,10883333,"fitted","TRUE","viirs","positive",31,0.145,TRUE,44,84,2,14411.3,145124.75,9003.882,296.233,145124.75,3116.997,148.302,3116.997,2156.862,4082.569,18,11,5,4,0.346,0.501,0.611,0.8,FALSE,0.763,FALSE,FALSE,FALSE,FALSE,231
"201510",2015,10,715,134,284,163,92,32560000,"fitted","TRUE","viirs","positive",123,0.662,TRUE,16,284,6,32468.7,4962534.5,290517.287,10337.899,4962534.5,16483.796,7079.663,16483.796,22625.67,27919.409,130,87,75,49,0.057,0.685,0.669,0.653,FALSE,0.59,FALSE,FALSE,FALSE,FALSE,232
"201511",2015,11,571,157,312,231,162,41900000,"fitted","TRUE","viirs","positive",81,0.417,TRUE,19,312,4,15673.4,2451804.75,291360.68,41242.417,2451804.75,11669.625,5860.028,11669.625,24982.872,11944.971,158,78,117,57,0.04,0.142,0.494,0.487,FALSE,0.977,FALSE,TRUE,TRUE,FALSE,233
"201512",2015,12,600,180,361,237,128,7841667,"fitted","TRUE","viirs","positive",96,0.361,TRUE,58,361,2,17655.6,2667768.75,289676.754,19605.87,2667768.75,13252.683,4966.169,13252.683,23613.373,11186.527,171,89,91,42,0.046,0.253,0.52,0.462,FALSE,1.185,FALSE,FALSE,FALSE,FALSE,234
"201601",2016,1,595,165,349,270,158,35267000,"fitted","TRUE","viirs","positive",27,0.195,TRUE,85,349,4,15806.5,670774.375,23059.449,5107.491,312050.625,3976.504,2521.573,3976.504,12024.036,7391.24,206,37,121,21,0.172,0.494,0.18,0.174,FALSE,0.538,FALSE,TRUE,TRUE,FALSE,235
"201602",2016,2,615,179,324,209,95,21400000,"fitted","TRUE","viirs","positive",23,0.185,TRUE,34,324,2,13330.6,382835.281,291360.68,291284.269,369607.625,3910.065,3833.654,3910.065,25057.721,9910.996,136,25,60,17,0.013,0.013,0.184,0.283,FALSE,0.395,FALSE,TRUE,TRUE,FALSE,236
"201603",2016,3,649,155,133,30,2,219333,"fitted","TRUE","viirs","zero",0,0,TRUE,41,133,5,15423.5,78879.164,2208.045,0,0,0,0,0,1144.226,1600.721,27,0,2,0,0,NA,0,0,TRUE,0,TRUE,TRUE,TRUE,TRUE,237
"201604",2016,4,768,160,246,57,10,1610000,"fitted","TRUE","viirs","zero",0,0,TRUE,23,246,2,13393.8,39960.625,1211.472,0,0,0,0,0,226.792,984.68,41,0,8,0,0,NA,0,0,TRUE,0,TRUE,TRUE,TRUE,TRUE,238
"201605",2016,5,501,132,79,5,0,51000,"fitted","TRUE","viirs","zero",0,0,TRUE,18,79,3,12600.2,4171.531,0,0,0,0,0,0,0,0,3,0,0,0,NA,NA,0,NA,TRUE,NA,FALSE,FALSE,TRUE,FALSE,239
"201606",2016,6,538,131,3,0,0,500,"none",NA,"viirs","zero",0,0,FALSE,NA,3,2,628,NA,NA,NA,0,0,0,0,NA,0,0,0,0,0,NA,NA,NA,NA,FALSE,NA,FALSE,FALSE,FALSE,FALSE,NA
"201607",2016,7,428,128,5,0,0,1000,"none",NA,"viirs","zero",0,0,TRUE,32,5,1,3893.2,NA,NA,NA,0,0,0,0,0,0,0,0,0,0,NA,NA,NA,NA,FALSE,NA,FALSE,FALSE,FALSE,FALSE,NA
"201608",2016,8,636,150,36,0,0,1667,"fitted","TRUE","viirs","zero",0,0,TRUE,31,36,1,11951.3,689.171,0,0,0,0,0,0,0,0,0,0,0,0,NA,NA,NA,NA,TRUE,NA,FALSE,FALSE,TRUE,FALSE,240
"201609",2016,9,555,135,165,92,56,48604333,"fitted","TRUE","viirs","positive",64,0.44,TRUE,19,165,3,11596,2804971.75,291360.68,290438.036,2804971.75,9253.345,9253.345,9253.345,16283.245,9261.015,65,34,40,24,0.032,0.032,0.523,0.6,FALSE,0.999,FALSE,FALSE,FALSE,FALSE,241
"201610",2016,10,732,200,448,330,222,60409023,"fitted","TRUE","viirs","positive",132,0.62,TRUE,20,448,5,12800.2,2720364.25,288915.271,17782.258,2720364.25,17556.917,13407.764,17556.917,21559.02,8916.67,256,172,170,110,0.061,0.754,0.672,0.647,FALSE,1.969,FALSE,FALSE,FALSE,FALSE,242
"201611",2016,11,631,170,391,308,195,23600000,"fitted","TRUE","viirs","positive",141,0.767,TRUE,21,391,2,20630.3,1335937.5,291360.68,7119.206,1335937.5,18235.313,4598.211,18235.313,21780.079,16473.5,218,100,128,62,0.063,0.646,0.459,0.484,FALSE,1.107,FALSE,TRUE,TRUE,FALSE,243
"201612",2016,12,649,184,299,203,111,17680000,"fitted","TRUE","viirs","positive",34,0.139,TRUE,32,299,2,12572,1221184.875,291360.68,6459.597,489878.219,6052.976,1748.492,6052.976,16861.818,9059.935,136,53,68,22,0.021,0.271,0.39,0.324,FALSE,0.668,FALSE,TRUE,TRUE,FALSE,244
"201701",2017,1,554,167,274,161,95,5767962,"fitted","TRUE","viirs","zero",0,0,TRUE,41,274,2,8395.3,602578,289288.938,3807.338,0,0,0,0,21891.169,4180.949,116,0,61,0,0,0,0,0,TRUE,0,TRUE,TRUE,TRUE,TRUE,245
"201702",2017,2,606,166,320,192,85,5944400,"fitted","TRUE","viirs","zero",0,0,TRUE,26,320,3,12955,826661.062,260961.769,3356.814,0,0,0,0,10044.168,7243.985,129,0,48,0,0,0,0,0,TRUE,0,TRUE,TRUE,TRUE,TRUE,246
"201703",2017,3,688,184,258,98,17,638094,"fitted","TRUE","viirs","zero",0,0,TRUE,29,258,3,10452.5,121434.039,281758.137,152.655,0,0,0,0,8376.235,6416.863,59,0,9,0,0,0,0,0,TRUE,0,TRUE,TRUE,TRUE,TRUE,247
"201704",2017,4,603,173,168,34,5,167000,"fitted","TRUE","viirs","zero",0,0,TRUE,26,168,6,10057.6,17925.965,457.226,0,0,0,0,0,0,457.226,21,0,1,0,0,NA,0,0,TRUE,0,TRUE,TRUE,TRUE,TRUE,248
"201705",2017,5,707,193,79,3,0,15500,"fitted","TRUE","viirs","zero",0,0,TRUE,33,79,3,9944.5,2101.205,0,0,0,0,0,0,0,0,0,0,0,0,NA,NA,NA,NA,TRUE,NA,FALSE,FALSE,TRUE,FALSE,249
"201706",2017,6,699,162,37,3,0,10500,"fitted","TRUE","viirs","zero",0,0,TRUE,48,37,1,4376.3,1949.735,0,0,0,0,0,0,0,0,2,0,0,0,NA,NA,0,NA,TRUE,NA,FALSE,FALSE,TRUE,FALSE,250
"201707",2017,7,672,171,17,0,0,1000,"fitted","TRUE","viirs","zero",0,0,TRUE,33,17,5,7275.8,465.338,0,0,0,0,0,0,0,0,0,0,0,0,NA,NA,NA,NA,TRUE,NA,FALSE,FALSE,TRUE,FALSE,251
"201708",2017,8,847,225,8,0,0,1333,"fitted","TRUE","viirs","zero",0,0,TRUE,48,8,5,2436.7,632.131,0,0,0,0,0,0,0,0,0,0,0,0,NA,NA,NA,NA,TRUE,NA,FALSE,FALSE,TRUE,FALSE,252
"201709",2017,9,541,142,5,0,0,1000,"none",NA,"viirs","zero",0,0,TRUE,24,5,1,4169.6,NA,NA,NA,0,0,0,0,0,0,0,0,0,0,NA,NA,NA,NA,FALSE,NA,FALSE,FALSE,FALSE,FALSE,NA
"201710",2017,10,689,183,70,9,0,32667,"fitted","TRUE","viirs","positive",4,0.014,TRUE,34,70,5,12219.3,4931.864,0,0,1641.018,0,0,0,0,0,9,0,0,0,NA,NA,0,NA,FALSE,NA,FALSE,TRUE,TRUE,FALSE,253
"201711",2017,11,654,173,124,53,29,2968560,"fitted","TRUE","viirs","positive",72,0.537,TRUE,26,124,3,7598.2,1055267.5,11491.429,2682.502,1055267.5,7359.932,2529.514,7359.932,5212.821,3136.011,40,27,24,18,0.64,0.943,0.675,0.75,FALSE,2.347,FALSE,FALSE,FALSE,FALSE,254
"201712",2017,12,629,165,224,109,54,6479760,"fitted","TRUE","viirs","positive",75,0.664,TRUE,21,224,3,13559.2,922532,259340.401,6128.239,922532,10051.375,5059.659,10051.375,19703.185,6349.474,80,37,46,24,0.039,0.826,0.462,0.522,FALSE,1.583,FALSE,TRUE,TRUE,FALSE,255
"201801",2018,1,612,198,116,67,24,1307600,"fitted","TRUE","viirs","positive",9,0.124,TRUE,76,116,2,15330.2,312622.812,284378.514,3393.741,312622.812,1456.011,305.978,1456.011,25290.176,10150.272,46,7,14,1,0.005,0.09,0.152,0.071,FALSE,0.143,TRUE,TRUE,TRUE,FALSE,256
"201802",2018,2,627,175,82,38,15,881073,"fitted","TRUE","viirs","zero",0,0,TRUE,25,82,2,14015.8,230907.531,249480.342,1531.372,0,0,0,0,8991.874,7808.463,31,0,10,0,0,0,0,0,TRUE,0,TRUE,TRUE,TRUE,TRUE,257
"201803",2018,3,605,191,236,153,68,2450000,"fitted","TRUE","viirs","zero",0,0,TRUE,36,236,4,12712.8,763525.875,55038.184,6055.66,0,0,0,0,5322.128,7060.878,96,0,40,0,0,0,0,0,TRUE,0,TRUE,TRUE,TRUE,TRUE,258
"201804",2018,4,700,210,190,79,36,4117733,"fitted","TRUE","viirs","zero",0,0,TRUE,22,190,2,11259.7,581516.875,272275.696,1073.673,0,0,0,0,6372.767,4982.064,60,0,26,0,0,0,0,0,TRUE,0,TRUE,TRUE,TRUE,TRUE,259
"201805",2018,5,623,198,116,24,5,890633,"fitted","TRUE","viirs","zero",0,0,TRUE,41,116,5,12466.7,49815.43,1149.539,0,0,0,0,0,536.316,766.103,23,0,5,0,0,NA,0,0,TRUE,0,TRUE,TRUE,TRUE,TRUE,260
"201806",2018,6,797,216,297,206,119,27746720,"fitted","TRUE","viirs","positive",32,0.569,TRUE,32,297,2,14249.9,2837807,276252.804,3439.36,2837807,4973.473,2445.133,4973.473,6049.151,5662.038,142,74,77,55,0.018,0.711,0.521,0.714,FALSE,0.878,FALSE,FALSE,FALSE,FALSE,261
"201807",2018,7,719,241,286,188,126,38803126,"fitted","TRUE","viirs","positive",64,0.829,TRUE,34,286,3,11227,16069707,291360.68,273207.479,16069707,8891.521,8891.521,8891.521,11935.462,8991.534,131,113,91,80,0.031,0.033,0.863,0.879,FALSE,0.989,FALSE,FALSE,FALSE,FALSE,262
"201808",2018,8,1033,278,614,487,364,9e+07,"fitted","TRUE","viirs","positive",155,0.923,TRUE,26,614,4,19515.4,24706926,268177.898,12558.848,24706926,20713.596,11488.079,20713.596,19808.056,12979.581,356,253,266,183,0.077,0.915,0.711,0.688,FALSE,1.596,FALSE,FALSE,FALSE,FALSE,263
"201809",2018,9,1026,251,525,369,234,51063420,"fitted","TRUE","viirs","positive",360,0.992,TRUE,38,525,2,26891.7,7746619,291360.68,269498.043,7746619,46764.732,37923.514,46764.732,28309.495,22738.498,290,210,179,127,0.161,0.141,0.724,0.709,FALSE,2.057,FALSE,FALSE,FALSE,FALSE,264
"201810",2018,10,1007,271,449,282,188,26135589,"fitted","TRUE","viirs","positive",447,0.918,TRUE,23,449,4,36357.7,14611601,288710.062,41513.118,14611601,55881.4,24594.629,55881.4,48061.816,30534.059,217,174,149,121,0.194,0.592,0.802,0.812,FALSE,1.83,FALSE,FALSE,FALSE,FALSE,265
"201811",2018,11,782,207,500,388,289,67254526,"fitted","TRUE","viirs","positive",488,0.821,TRUE,41,500,2,40399.9,10097242,290907.504,234794.257,10097242,62070.757,47084.177,62070.757,50918.355,33223.202,294,206,209,146,0.213,0.201,0.701,0.699,FALSE,1.868,FALSE,FALSE,FALSE,FALSE,266
"201812",2018,12,494,155,145,74,21,3462998,"fitted","TRUE","viirs","positive",170,0.313,TRUE,50,145,4,10377.7,95373.766,12796.819,0,78494.305,8451.434,0,8451.434,10814.496,2970.275,38,12,7,2,0.66,NA,0.316,0.286,FALSE,2.845,FALSE,TRUE,TRUE,FALSE,267
"201901",2019,1,766,202,165,75,38,186266667,"fitted","TRUE","viirs","positive",20,0.072,TRUE,20,165,2,16219.7,17102862,289240.819,17752.972,17102862,3761.53,2689.065,3761.53,37457.723,14312.426,57,11,26,8,0.013,0.151,0.193,0.308,FALSE,0.263,FALSE,TRUE,TRUE,FALSE,268
"201902",2019,2,633,185,11,4,2,403000,"fitted","TRUE","viirs","zero",0,0,TRUE,31,11,5,2992.3,259871.719,9578.011,2779.956,0,0,0,0,3241.65,1232.747,4,0,2,0,0,0,0,0,TRUE,0,FALSE,FALSE,TRUE,TRUE,269
"201903",2019,3,624,150,4,0,0,500,"none",NA,"viirs","zero",0,0,TRUE,31,4,4,1256.1,NA,NA,NA,0,0,0,0,0,0,0,0,0,0,NA,NA,NA,NA,FALSE,NA,FALSE,FALSE,FALSE,FALSE,NA
"201904",2019,4,671,170,6,0,0,667,"fitted","TRUE","viirs","zero",0,0,TRUE,24,6,4,1337.8,539.659,0,0,0,0,0,0,0,0,0,0,0,0,NA,NA,NA,NA,TRUE,NA,FALSE,FALSE,TRUE,FALSE,270
"201905",2019,5,672,180,49,0,0,9000,"fitted","TRUE","viirs","zero",0,0,TRUE,27,49,3,5093,846.765,0,0,0,0,0,0,0,0,0,0,0,0,NA,NA,NA,NA,TRUE,NA,FALSE,FALSE,TRUE,FALSE,271
"201906",2019,6,744,165,14,0,0,667,"fitted","TRUE","viirs","zero",0,0,TRUE,37,14,2,11314.2,636.497,0,0,0,0,0,0,0,0,0,0,0,0,NA,NA,NA,NA,TRUE,NA,FALSE,FALSE,TRUE,FALSE,272
"201907",2019,7,728,185,6,0,0,667,"fitted","TRUE","viirs","zero",0,0,TRUE,34,6,2,1635.8,496.383,0,0,0,0,0,0,0,0,0,0,0,0,NA,NA,NA,NA,TRUE,NA,FALSE,FALSE,TRUE,FALSE,273
"201908",2019,8,598,162,13,1,0,11333,"fitted","TRUE","viirs","zero",0,0,TRUE,31,13,2,9257.9,6153.008,0,0,0,0,0,0,0,0,1,0,0,0,NA,NA,0,NA,TRUE,NA,FALSE,FALSE,TRUE,FALSE,274
"201909",2019,9,703,148,47,9,2,320333,"fitted","TRUE","viirs","positive",72,0.485,TRUE,24,47,3,13469.7,44321.547,536.809,0,44321.547,383.655,0,383.655,76.577,536.809,6,4,1,1,0.715,NA,0.667,1,FALSE,0.715,FALSE,FALSE,FALSE,FALSE,275
"201910",2019,10,762,193,196,143,104,10470772,"fitted","TRUE","viirs","positive",49,0.188,TRUE,17,196,3,24601,4995715,284235.808,14177.961,4995715,7744.283,7359.595,7744.283,22737.135,17728.285,102,58,71,40,0.027,0.519,0.569,0.563,FALSE,0.437,FALSE,FALSE,FALSE,FALSE,276
"201911",2019,11,876,202,405,329,271,53724050,"fitted","TRUE","viirs","positive",117,0.676,TRUE,32,405,3,24404.7,11696372,279908.791,16217.017,11696372,14573.492,10899.814,14573.492,28516.965,19156.146,231,167,190,137,0.052,0.672,0.723,0.721,FALSE,0.761,FALSE,FALSE,FALSE,FALSE,277
"201912",2019,12,533,171,108,39,16,611866,"fitted","TRUE","viirs","positive",42,0.16,TRUE,37,108,2,9178.8,228973.172,289220.952,1614.771,182431.859,7006.1,1154.171,7006.1,30888.041,6129.567,29,10,11,5,0.024,0.715,0.345,0.455,FALSE,1.143,FALSE,TRUE,TRUE,FALSE,278
"202001",2020,1,573,138,56,5,0,72333,"fitted","TRUE","viirs","zero",0,0,TRUE,23,56,5,18086.4,55607.312,3397.179,0,0,0,0,0,3397.179,1693.795,5,0,0,0,0,NA,0,NA,TRUE,0,TRUE,TRUE,TRUE,TRUE,279
"202002",2020,2,449,109,14,1,0,26000,"fitted","TRUE","viirs","zero",0,0,TRUE,37,14,3,4352.8,1444.975,0,0,0,0,0,0,0,0,0,0,0,0,NA,NA,NA,NA,TRUE,NA,FALSE,FALSE,TRUE,FALSE,280
"202003",2020,3,348,102,14,0,0,9333,"fitted","TRUE","viirs","zero",0,0,TRUE,33,14,4,2483.3,968.242,0,0,0,0,0,0,0,0,0,0,0,0,NA,NA,NA,NA,TRUE,NA,FALSE,FALSE,TRUE,FALSE,281
"202004",2020,4,223,68,5,0,0,667,"none",NA,"viirs","zero",0,0,TRUE,23,5,1,3722.1,NA,NA,NA,0,0,0,0,0,0,0,0,0,0,NA,NA,NA,NA,FALSE,NA,FALSE,FALSE,FALSE,FALSE,NA
"202005",2020,5,304,92,9,0,0,3667,"fitted","TRUE","viirs","zero",0,0,TRUE,25,9,6,2085,1411.891,0,0,0,0,0,0,0,0,0,0,0,0,NA,NA,NA,NA,TRUE,NA,FALSE,FALSE,TRUE,FALSE,282
"202006",2020,6,386,104,5,0,0,2667,"none",NA,"viirs","zero",0,0,TRUE,33,5,2,817.4,NA,NA,NA,0,0,0,0,0,0,0,0,0,0,NA,NA,NA,NA,FALSE,NA,FALSE,FALSE,FALSE,FALSE,NA
"202007",2020,7,584,197,2,1,0,30000,"none",NA,"viirs","zero",0,0,TRUE,39,2,2,628,NA,NA,NA,0,0,0,0,0,0,0,0,0,0,NA,NA,NA,NA,FALSE,NA,FALSE,FALSE,FALSE,FALSE,NA
"202008",2020,8,680,216,9,1,0,11667,"fitted","TRUE","viirs","zero",0,0,TRUE,37,9,4,4274.2,1217.695,0,0,0,0,0,0,0,0,0,0,0,0,NA,NA,NA,NA,TRUE,NA,FALSE,FALSE,TRUE,FALSE,283
"202009",2020,9,569,188,13,0,0,1333,"fitted","TRUE","viirs","zero",0,0,TRUE,42,13,2,4276.7,491.742,0,0,0,0,0,0,0,0,0,0,0,0,NA,NA,NA,NA,TRUE,NA,FALSE,FALSE,TRUE,FALSE,284
"202010",2020,10,579,182,8,0,0,1333,"fitted","TRUE","viirs","zero",0,0,TRUE,41,8,8,2512.1,1111.597,0,0,0,0,0,0,0,0,0,0,0,0,NA,NA,NA,NA,TRUE,NA,FALSE,FALSE,TRUE,FALSE,285
"202011",2020,11,460,153,37,8,0,60500,"fitted","TRUE","viirs","zero",0,0,TRUE,30,37,2,5795.7,17231.361,686.64,0,0,0,0,0,533.985,457.741,5,0,0,0,0,NA,0,NA,TRUE,0,TRUE,TRUE,TRUE,TRUE,286
"202012",2020,12,652,193,193,106,71,7699414,"fitted","TRUE","viirs","positive",82,0.656,TRUE,33,193,2,10632.2,5355940.5,281088.828,14409.814,5355940.5,10856.399,9009.731,10856.399,22657.502,5363.403,81,60,53,43,0.039,0.625,0.741,0.811,FALSE,2.024,FALSE,FALSE,FALSE,FALSE,287
"202101",2021,1,684,214,169,121,72,5102720,"fitted","TRUE","viirs","positive",95,0.646,TRUE,30,169,1,8073.6,1152964.875,290521.105,286617.692,1050082.5,11556.613,9716.443,11556.613,17803.605,5749.365,89,62,50,36,0.04,0.034,0.697,0.72,FALSE,2.01,FALSE,FALSE,FALSE,FALSE,288
"202102",2021,2,681,212,147,72,24,958181,"fitted","TRUE","viirs","positive",26,0.184,TRUE,38,147,2,7728.2,179080.172,291360.68,690.018,163833.906,3852.455,306.584,3852.455,14523.445,5808.55,59,24,20,8,0.013,0.444,0.407,0.4,FALSE,0.663,FALSE,TRUE,TRUE,FALSE,289
"202103",2021,3,753,227,226,131,39,5916333,"fitted","TRUE","viirs","positive",12,0.163,TRUE,25,226,1,8907.2,328675.25,291360.68,2296.123,328675.25,2067.356,841.299,2067.356,9196.793,6201.625,99,63,33,23,0.007,0.366,0.636,0.697,FALSE,0.333,FALSE,FALSE,FALSE,FALSE,290
"202104",2021,4,873,220,273,124,38,6893933,"fitted","TRUE","viirs","positive",7,0.065,TRUE,26,273,3,11994.2,914571.25,275457.209,152.655,9968.609,0,0,0,6105.372,4131.97,75,2,27,0,0,0,0.027,0,FALSE,0,TRUE,TRUE,TRUE,FALSE,291
"202105",2021,5,749,216,298,135,41,11526144,"fitted","TRUE","viirs","positive",18,0.204,TRUE,19,298,4,13271.5,638460.312,267749.317,1072.903,638460.312,2979.078,536.591,2979.078,11634.545,7785.667,103,40,29,16,0.011,0.5,0.388,0.552,FALSE,0.383,FALSE,TRUE,TRUE,FALSE,292
"202106",2021,6,1047,245,376,230,111,7964888,"fitted","TRUE","viirs","zero",0,0,TRUE,47,376,2,15115.6,2020225.625,285799.338,2642.038,0,0,0,0,9106.41,7360.977,188,0,89,0,0,0,0,0,TRUE,0,TRUE,TRUE,TRUE,TRUE,293
"202107",2021,7,904,230,467,376,266,46600000,"fitted","TRUE","viirs","positive",63,0.509,TRUE,31,467,1,14205.6,7545741.5,290366.138,13780.408,7545741.5,9253.142,6665.19,9253.142,12278.002,9984.161,280,162,201,115,0.032,0.484,0.579,0.572,FALSE,0.927,FALSE,FALSE,FALSE,FALSE,294
"202108",2021,8,1020,238,390,258,175,42900000,"fitted","TRUE","viirs","positive",116,0.721,TRUE,35,390,1,13922.4,10606419,291360.68,285073.469,10606419,15925.081,13488.732,15925.081,19795.916,11057.708,190,153,127,103,0.055,0.047,0.805,0.811,FALSE,1.44,FALSE,FALSE,FALSE,FALSE,295
"202109",2021,9,987,224,325,208,110,21700000,"fitted","TRUE","viirs","positive",239,0.831,TRUE,45,325,4,41506,8068617.5,290441.038,13951.624,8068617.5,33307.887,10954.536,33307.887,38133.892,37723.527,171,152,84,81,0.115,0.785,0.889,0.964,FALSE,0.883,FALSE,FALSE,FALSE,FALSE,296
"202110",2021,10,1174,257,582,380,197,38425200,"fitted","TRUE","viirs","positive",482,0.84,TRUE,30,582,3,46413.9,7636488.5,291360.68,214602.374,7636488.5,63315.352,51143.864,63315.352,50708.298,40845.817,309,207,158,121,0.217,0.238,0.67,0.766,FALSE,1.55,FALSE,FALSE,FALSE,FALSE,297
"202111",2021,11,960,232,226,91,28,1374000,"fitted","TRUE","viirs","positive",146,0.39,TRUE,47,226,2,26084.9,336252.812,291360.68,1192.635,336252.812,20425.259,746.681,20425.259,35295.454,18257.292,75,29,27,13,0.07,0.626,0.387,0.481,FALSE,1.119,FALSE,TRUE,TRUE,FALSE,298
"202112",2021,12,649,170,32,1,0,74667,"fitted","TRUE","viirs","zero",0,0,TRUE,27,32,5,12862,3521.119,0,0,0,0,0,0,0,0,1,0,0,0,NA,NA,0,NA,TRUE,NA,FALSE,FALSE,TRUE,FALSE,299
"202201",2022,1,538,163,2,0,0,333,"none",NA,"viirs","zero",0,0,TRUE,22,2,2,628,NA,NA,NA,0,0,0,0,0,0,0,0,0,0,NA,NA,NA,NA,FALSE,NA,FALSE,FALSE,FALSE,FALSE,NA
"202202",2022,2,596,164,0,0,0,0,"none",NA,"viirs","zero",0,0,TRUE,40,0,0,0,NA,NA,NA,0,0,0,0,0,0,0,0,0,0,NA,NA,NA,NA,FALSE,NA,FALSE,FALSE,FALSE,FALSE,NA
"202203",2022,3,545,151,4,0,0,2333,"none",NA,"viirs","zero",0,0,TRUE,15,4,3,1064.1,NA,NA,NA,0,0,0,0,0,0,0,0,0,0,NA,NA,NA,NA,FALSE,NA,FALSE,FALSE,FALSE,FALSE,NA
"202204",2022,4,609,167,4,0,0,1000,"none",NA,"viirs","zero",0,0,TRUE,32,4,4,1256.1,NA,NA,NA,0,0,0,0,0,0,0,0,0,0,NA,NA,NA,NA,FALSE,NA,FALSE,FALSE,FALSE,FALSE,NA
"202205",2022,5,698,186,13,0,0,6667,"fitted","TRUE","viirs","zero",0,0,TRUE,22,13,4,8029.1,4311.303,0,0,0,0,0,0,0,0,0,0,0,0,NA,NA,NA,NA,TRUE,NA,FALSE,FALSE,TRUE,FALSE,300
"202206",2022,6,785,210,10,0,0,2333,"fitted","TRUE","viirs","zero",0,0,TRUE,28,10,3,6859.2,613.887,0,0,0,0,0,0,0,0,0,0,0,0,NA,NA,NA,NA,TRUE,NA,FALSE,FALSE,TRUE,FALSE,301
"202207",2022,7,604,173,4,0,0,1000,"none",NA,"viirs","zero",0,0,TRUE,46,4,3,997.2,NA,NA,NA,0,0,0,0,0,0,0,0,0,0,NA,NA,NA,NA,FALSE,NA,FALSE,FALSE,FALSE,FALSE,NA
"202208",2022,8,838,212,6,0,0,667,"fitted","FALSE","viirs","zero",0,0,TRUE,41,6,6,1884.1,660.657,0,0,0,0,0,0,0,0,0,0,0,0,NA,NA,NA,NA,TRUE,NA,FALSE,FALSE,TRUE,FALSE,302
"202209",2022,9,559,168,3,0,0,333,"none",NA,"viirs","zero",0,0,TRUE,18,3,3,942,NA,NA,NA,0,0,0,0,0,0,0,0,0,0,NA,NA,NA,NA,FALSE,NA,FALSE,FALSE,FALSE,FALSE,NA
"202210",2022,10,721,196,126,58,23,18400000,"fitted","TRUE","viirs","positive",113,0.714,TRUE,26,126,4,10400.2,552661.562,284307.142,993.006,552661.562,13247.373,916.651,13247.373,28250.406,7077.499,43,41,15,15,0.047,0.923,0.953,1,FALSE,1.872,FALSE,FALSE,FALSE,FALSE,303
"202211",2022,11,726,217,363,290,183,388400000,"fitted","TRUE","viirs","positive",133,0.857,TRUE,28,363,4,15754.4,3543436,291360.68,24112.627,3543436,17950.08,15809.394,17950.08,28272.694,12918.458,193,119,116,71,0.062,0.656,0.617,0.612,FALSE,1.389,FALSE,FALSE,FALSE,FALSE,304
"202212",2022,12,610,179,260,168,96,36002150,"fitted","TRUE","modis","missing",NA,NA,TRUE,24,260,4,16363,4789492.5,291054.206,3341.147,4789492.5,22860.677,2506.842,NA,22860.677,12403.407,122,118,72,69,0.079,0.75,0.967,0.958,FALSE,1.843,FALSE,FALSE,FALSE,FALSE,305
"202301",2023,1,818,237,363,185,66,5514014,"fitted","TRUE","viirs","positive",67,0.382,TRUE,34,363,3,17840.8,545299.875,284118.923,3300.741,545299.875,9482.192,1916.214,9482.192,16765.873,11601.943,149,97,50,31,0.033,0.581,0.651,0.62,FALSE,0.817,FALSE,FALSE,FALSE,FALSE,306
"202302",2023,2,793,204,478,363,214,55655327,"fitted","TRUE","viirs","positive",89,0.551,TRUE,25,478,4,18284.5,4241206,291360.68,12561.641,4241206,13450.264,7420.555,13450.264,19169.876,14804.447,268,163,158,103,0.046,0.591,0.608,0.652,FALSE,0.909,FALSE,FALSE,FALSE,FALSE,307
"202303",2023,3,916,284,475,298,150,12085102,"fitted","TRUE","viirs","positive",58,0.366,TRUE,16,475,4,17364.9,1026154.688,291360.68,18519.215,1026154.688,9120.237,5800.755,9120.237,12801.613,13385.574,210,119,100,60,0.031,0.313,0.567,0.6,FALSE,0.681,FALSE,FALSE,FALSE,FALSE,308
"202304",2023,4,802,238,270,93,19,1023333,"fitted","TRUE","viirs","positive",20,0.212,TRUE,27,270,3,12887.8,31110.939,291360.68,0,31110.939,3512.489,0,3512.489,10335.78,9448.283,65,26,14,6,0.012,NA,0.4,0.429,FALSE,0.372,FALSE,TRUE,TRUE,FALSE,309
"202305",2023,5,938,297,171,20,1,184500,"fitted","TRUE","viirs","zero",0,0,TRUE,32,171,3,14326.3,5823.921,0,0,0,0,0,0,0,0,9,0,0,0,NA,NA,0,NA,TRUE,NA,FALSE,TRUE,TRUE,FALSE,310
"202306",2023,6,873,229,13,0,0,667,"fitted","TRUE","viirs","zero",0,0,TRUE,26,13,8,6490.7,420.039,0,0,0,0,0,0,0,0,0,0,0,0,NA,NA,NA,NA,TRUE,NA,FALSE,FALSE,TRUE,FALSE,311
"202307",2023,7,795,235,5,0,0,333,"none",NA,"viirs","zero",0,0,TRUE,29,5,3,1049.1,NA,NA,NA,0,0,0,0,0,0,0,0,0,0,NA,NA,NA,NA,FALSE,NA,FALSE,FALSE,FALSE,FALSE,NA
"202308",2023,8,771,210,1,0,0,333,"none",NA,"viirs","zero",0,0,TRUE,37,1,1,314,NA,NA,NA,0,0,0,0,0,0,0,0,0,0,NA,NA,NA,NA,FALSE,NA,FALSE,FALSE,FALSE,FALSE,NA
"202309",2023,9,687,187,2,0,0,667,"none",NA,"viirs","zero",0,0,TRUE,46,2,2,628,NA,NA,NA,0,0,0,0,0,0,0,0,0,0,NA,NA,NA,NA,FALSE,NA,FALSE,FALSE,FALSE,FALSE,NA
"202310",2023,10,774,222,33,0,0,4500,"fitted","TRUE","viirs","zero",0,0,TRUE,37,33,5,9574.9,966.937,0,0,0,0,0,0,0,0,0,0,0,0,NA,NA,NA,NA,TRUE,NA,FALSE,FALSE,TRUE,FALSE,312
"202311",2023,11,596,177,1,0,0,333,"none",NA,"viirs","zero",0,0,TRUE,27,1,1,314,NA,NA,NA,0,0,0,0,0,0,0,0,0,0,NA,NA,NA,NA,FALSE,NA,FALSE,FALSE,FALSE,FALSE,NA
"202312",2023,12,434,163,0,0,0,0,"none",NA,"viirs","zero",0,0,TRUE,78,0,0,0,NA,NA,NA,0,0,0,0,0,0,0,0,0,0,NA,NA,NA,NA,FALSE,NA,FALSE,FALSE,FALSE,FALSE,NA
"202401",2024,1,525,197,1,0,0,667,"none",NA,"viirs","zero",0,0,TRUE,105,1,1,314,NA,NA,NA,0,0,0,0,0,0,0,0,0,0,NA,NA,NA,NA,FALSE,NA,FALSE,FALSE,FALSE,FALSE,NA
"202402",2024,2,661,189,0,0,0,0,"none",NA,"viirs","zero",0,0,TRUE,28,0,0,0,NA,NA,NA,0,0,0,0,0,0,0,0,0,0,NA,NA,NA,NA,FALSE,NA,FALSE,FALSE,FALSE,FALSE,NA
"202403",2024,3,573,187,5,0,0,500,"none",NA,"viirs","zero",0,0,TRUE,24,5,2,4592.1,NA,NA,NA,0,0,0,0,0,0,0,0,0,0,NA,NA,NA,NA,FALSE,NA,FALSE,FALSE,FALSE,FALSE,NA
"202404",2024,4,661,207,1,0,0,667,"none",NA,"viirs","zero",0,0,TRUE,29,1,1,314,NA,NA,NA,0,0,0,0,0,0,0,0,0,0,NA,NA,NA,NA,FALSE,NA,FALSE,FALSE,FALSE,FALSE,NA
"202405",2024,5,612,189,1,0,0,333,"none",NA,"viirs","zero",0,0,TRUE,27,1,1,314,NA,NA,NA,0,0,0,0,0,0,0,0,0,0,NA,NA,NA,NA,FALSE,NA,FALSE,FALSE,FALSE,FALSE,NA
"202406",2024,6,683,197,1,0,0,500,"none",NA,"viirs","zero",0,0,TRUE,32,1,1,314,NA,NA,NA,0,0,0,0,0,0,0,0,0,0,NA,NA,NA,NA,FALSE,NA,FALSE,FALSE,FALSE,FALSE,NA
"202407",2024,7,835,259,0,0,0,0,"none",NA,"viirs","zero",0,0,TRUE,41,0,0,0,NA,NA,NA,0,0,0,0,0,0,0,0,0,0,NA,NA,NA,NA,FALSE,NA,FALSE,FALSE,FALSE,FALSE,NA
"202408",2024,8,738,228,0,0,0,0,"none",NA,"viirs","zero",0,0,TRUE,36,0,0,0,NA,NA,NA,0,0,0,0,0,0,0,0,0,0,NA,NA,NA,NA,FALSE,NA,FALSE,FALSE,FALSE,FALSE,NA
"202409",2024,9,609,184,58,13,1,126333,"fitted","TRUE","viirs","positive",163,0.621,TRUE,40,58,1,5587.6,10926.714,291360.68,0,10926.714,21383.71,0,21383.71,26624.473,4247.676,13,12,1,1,0.073,NA,0.923,1,FALSE,5.034,FALSE,FALSE,FALSE,FALSE,313
"202410",2024,10,758,208,172,92,35,2091450,"fitted","TRUE","viirs","positive",232,0.602,TRUE,65,172,4,24421.4,641484.938,278456.784,30768.701,641484.938,28437.135,20856.168,28437.135,56097.235,19580.542,83,80,30,30,0.102,0.678,0.964,1,FALSE,1.452,FALSE,FALSE,FALSE,FALSE,314
"202411",2024,11,595,209,244,139,40,1013000,"fitted","TRUE","viirs","positive",202,0.606,FALSE,NA,244,2,20823.1,293028.594,290983.352,1441.828,293028.594,25696.042,1441.828,25696.042,NA,18778.006,97,63,25,20,0.088,1,0.649,0.8,FALSE,1.368,FALSE,FALSE,FALSE,FALSE,315
"202412",2024,12,666,215,375,197,65,11948368,"fitted","TRUE","viirs","positive",153,0.661,FALSE,NA,375,3,21481.2,2487012.5,290981.217,17547.954,2487012.5,21279.563,11801.576,21279.563,NA,18015.611,147,103,53,44,0.073,0.673,0.701,0.83,FALSE,1.181,FALSE,FALSE,FALSE,FALSE,316
"202501",2025,1,589,212,293,165,70,2952000,"fitted","TRUE","modis","no_coverage",NA,NA,TRUE,38,293,2,24192.9,1711894.875,289546.918,24476.754,1711894.875,23518.536,14627.208,NA,23518.536,19029.702,112,97,49,42,0.081,0.598,0.866,0.857,FALSE,1.236,FALSE,FALSE,FALSE,FALSE,317
"202502",2025,2,709,220,187,69,33,9419152,"fitted","TRUE","modis","no_coverage",NA,NA,TRUE,29,187,4,14645.2,752799.125,268807.034,2066.088,752799.125,6670.87,1606.406,NA,6670.87,7329.223,57,40,26,22,0.025,0.778,0.702,0.846,FALSE,0.91,FALSE,FALSE,FALSE,FALSE,318
"202503",2025,3,666,238,6,0,0,1000,"fitted","TRUE","modis","no_coverage",NA,NA,TRUE,26,6,5,1570.1,702.602,0,0,694.826,0,0,NA,0,0,0,0,0,0,NA,NA,NA,NA,FALSE,NA,FALSE,FALSE,FALSE,FALSE,319
"202504",2025,4,678,212,4,0,0,667,"none",NA,"modis","no_coverage",NA,NA,TRUE,26,4,3,942,NA,NA,NA,0,0,0,NA,0,0,0,0,0,0,NA,NA,NA,NA,FALSE,NA,FALSE,FALSE,FALSE,FALSE,NA
"202505",2025,5,541,184,7,0,0,500,"fitted","TRUE","modis","no_coverage",NA,NA,TRUE,22,7,4,3012.8,458.472,0,0,443.292,0,0,NA,0,0,0,0,0,0,NA,NA,NA,NA,FALSE,NA,FALSE,FALSE,FALSE,FALSE,320
"202506",2025,6,629,210,4,0,0,1000,"none",NA,"modis","no_coverage",NA,NA,TRUE,37,4,1,4842.1,NA,NA,NA,0,0,0,NA,0,0,0,0,0,0,NA,NA,NA,NA,FALSE,NA,FALSE,FALSE,FALSE,FALSE,NA
"202507",2025,7,677,199,5,0,0,667,"none",NA,"modis","no_coverage",NA,NA,TRUE,34,5,5,1570.1,NA,NA,NA,0,0,0,NA,0,0,0,0,0,0,NA,NA,NA,NA,FALSE,NA,FALSE,FALSE,FALSE,FALSE,NA
"202508",2025,8,570,160,5,0,0,1333,"none",NA,"modis","no_coverage",NA,NA,TRUE,31,5,3,1085.6,NA,NA,NA,0,0,0,NA,0,0,0,0,0,0,NA,NA,NA,NA,FALSE,NA,FALSE,FALSE,FALSE,FALSE,NA
"202509",2025,9,617,173,10,0,0,2667,"fitted","TRUE","modis","no_coverage",NA,NA,TRUE,27,10,4,2788.5,793.094,0,0,793.094,0,0,NA,0,0,0,0,0,0,NA,NA,NA,NA,FALSE,NA,FALSE,FALSE,FALSE,FALSE,321
"202510",2025,10,637,184,58,33,19,4850063,"fitted","TRUE","pred","no_coverage",NA,NA,FALSE,NA,58,2,15861.7,1268533.625,253468.533,12978.951,1105365.5,4075.313,1335.709,NA,NA,4075.313,26,26,15,15,0.016,0.103,1,1,FALSE,1,FALSE,FALSE,FALSE,FALSE,322
"202511",2025,11,586,193,71,33,19,2502780,"fitted","TRUE","pred","no_coverage",NA,NA,FALSE,NA,71,5,6767.2,1881017.625,7358.971,891.539,1881017.625,1705.195,668.501,NA,NA,1705.195,23,23,16,16,0.232,0.75,1,1,FALSE,1,FALSE,FALSE,FALSE,FALSE,323
"202512",2025,12,619,219,108,55,17,620786,"fitted","TRUE","pred","no_coverage",NA,NA,FALSE,NA,108,2,4886.9,242069.547,283634.544,370.416,242069.547,1704.083,370.416,NA,NA,1704.083,43,43,15,15,0.006,1,1,1,FALSE,1,FALSE,FALSE,FALSE,FALSE,324
"202601",2026,1,533,151,91,36,10,1000505,"fitted","TRUE","pred","no_coverage",NA,NA,FALSE,NA,91,3,8748.1,145398.984,2221.816,73.997,145398.984,1258.498,73.997,NA,NA,1258.498,30,30,10,10,0.566,1,1,1,FALSE,1,FALSE,FALSE,FALSE,FALSE,325
"202602",2026,2,537,162,27,0,0,9333,"fitted","TRUE","pred","no_coverage",NA,NA,FALSE,NA,27,3,4714.1,1600.749,0,0,1600.749,0,0,NA,NA,0,0,0,0,0,NA,NA,NA,NA,FALSE,NA,FALSE,FALSE,FALSE,FALSE,326
"202603",2026,3,630,181,22,0,0,1000,"fitted","TRUE","pred","no_coverage",NA,NA,FALSE,NA,22,1,6632,499.022,0,0,499.022,0,0,NA,NA,0,0,0,0,0,NA,NA,NA,NA,FALSE,NA,FALSE,FALSE,FALSE,FALSE,327
"202604",2026,4,654,179,14,0,0,667,"fitted","TRUE","pred","no_coverage",NA,NA,FALSE,NA,14,2,10020.8,355.584,0,0,355.584,0,0,NA,NA,0,0,0,0,0,NA,NA,NA,NA,FALSE,NA,FALSE,FALSE,FALSE,FALSE,328
"202605",2026,5,562,163,9,0,0,1000,"fitted","TRUE","pred","no_coverage",NA,NA,FALSE,NA,9,5,2130.7,739.313,0,0,739.313,0,0,NA,NA,0,0,0,0,0,NA,NA,NA,NA,FALSE,NA,FALSE,FALSE,FALSE,FALSE,329
"202606",2026,6,512,145,4,0,0,333,"none",NA,"pred","no_coverage",NA,NA,FALSE,NA,4,3,978.7,NA,NA,NA,0,0,0,NA,NA,0,0,0,0,0,NA,NA,NA,NA,FALSE,NA,FALSE,FALSE,FALSE,FALSE,NA
"202607",2026,7,544,139,1,0,0,333,"none",NA,"pred","no_coverage",NA,NA,FALSE,NA,1,1,314,NA,NA,NA,0,0,0,NA,NA,0,0,0,0,0,NA,NA,NA,NA,FALSE,NA,FALSE,FALSE,FALSE,FALSE,NA
"202608",2026,8,498,134,5,0,0,667,"none",NA,"pred","no_coverage",NA,NA,FALSE,NA,5,5,1570.1,NA,NA,NA,0,0,0,NA,NA,0,0,0,0,0,NA,NA,NA,NA,FALSE,NA,FALSE,FALSE,FALSE,FALSE,NA
"202609",2026,9,174,53,1,0,0,333,"none",NA,"pred","no_coverage",NA,NA,FALSE,NA,1,1,314,NA,NA,NA,0,0,0,NA,NA,0,0,0,0,0,NA,NA,NA,NA,FALSE,NA,FALSE,FALSE,FALSE,FALSE,NA
"202610",2026,10,0,0,0,0,0,0,"none",NA,"pred","no_coverage",NA,NA,FALSE,NA,NA,NA,NA,NA,NA,NA,0,0,0,NA,NA,0,0,0,0,0,NA,NA,NA,NA,FALSE,NA,FALSE,FALSE,FALSE,FALSE,NA
"202611",2026,11,0,0,0,0,0,0,"none",NA,"pred","no_coverage",NA,NA,FALSE,NA,NA,NA,NA,NA,NA,NA,0,0,0,NA,NA,0,0,0,0,0,NA,NA,NA,NA,FALSE,NA,FALSE,FALSE,FALSE,FALSE,NA
"202612",2026,12,0,0,0,0,0,0,"none",NA,"pred","no_coverage",NA,NA,FALSE,NA,NA,NA,NA,NA,NA,NA,0,0,0,NA,NA,0,0,0,0,0,NA,NA,NA,NA,FALSE,NA,FALSE,FALSE,FALSE,FALSE,NA
